country_id,year,log_gdp,social_support,life_expectancy,freedom,generosity
Afghanistan,2008,7.35,0.45,50.5,0.72,0.17
Afghanistan,2009,7.51,0.55,50.8,0.68,0.19
Afghanistan,2010,7.61,0.54,51.1,0.6,0.12
Afghanistan,2011,7.58,0.52,51.4,0.5,0.16
Afghanistan,2012,7.66,0.52,51.7,0.53,0.24
Afghanistan,2013,7.68,0.48,52,0.58,0.06
Afghanistan,2014,7.67,0.53,52.3,0.51,0.11
Afghanistan,2015,7.65,0.53,52.6,0.39,0.08
Afghanistan,2016,7.65,0.56,52.92,0.52,0.04
Afghanistan,2017,7.65,0.49,53.25,0.43,-0.12
Afghanistan,2018,7.63,0.51,53.58,0.37,-0.09
Afghanistan,2019,7.64,0.42,53.9,0.39,-0.11
Afghanistan,2021,7.32,0.45,54.55,0.39,-0.08
Afghanistan,2022,0,0.23,54.88,0.37,0
Albania,2007,9.12,0.82,66.76,0.53,-0.01
Albania,2009,9.24,0.83,67.32,0.53,-0.16
Albania,2010,9.28,0.73,67.6,0.57,-0.17
Albania,2011,9.31,0.76,67.88,0.49,-0.21
Albania,2012,9.33,0.78,68.16,0.6,-0.17
Albania,2013,9.34,0.76,68.44,0.63,-0.13
Albania,2014,9.36,0.63,68.72,0.73,-0.03
Albania,2015,9.38,0.64,69,0.7,-0.08
Albania,2016,9.42,0.64,69.03,0.73,-0.02
Albania,2017,9.46,0.64,69.05,0.75,-0.03
Albania,2018,9.5,0.68,69.07,0.82,0.01
Albania,2019,9.52,0.69,69.1,0.78,-0.1
Albania,2020,9.49,0.71,69.13,0.75,0
Albania,2021,9.58,0.7,69.15,0.83,0.04
Albania,2022,9.63,0.72,69.18,0.8,-0.07
Algeria,2010,9.31,0,65.5,0.59,-0.21
Algeria,2011,9.32,0.81,65.6,0.53,-0.19
Algeria,2012,9.33,0.84,65.7,0.59,-0.18
Algeria,2014,9.36,0.82,65.9,0,0
Algeria,2016,9.38,0.75,66.1,0,0
Algeria,2017,9.38,0.81,66.2,0.44,-0.17
Algeria,2018,9.37,0.8,66.3,0.58,-0.15
Algeria,2019,9.36,0.8,66.4,0.39,0
Algeria,2020,9.29,0.87,66.5,0.57,-0.12
Algeria,2021,9.31,0.84,66.6,0.56,-0.11
Angola,2011,8.94,0.72,51.22,0.58,0.05
Angola,2012,8.99,0.75,51.84,0.46,-0.14
Angola,2013,9,0.72,52.46,0.41,-0.11
Angola,2014,9.01,0.75,53.08,0.37,-0.17
Argentina,2006,9.94,0.94,65.82,0.73,-0.16
Argentina,2007,10.01,0.86,65.94,0.65,-0.14
Argentina,2008,10.04,0.89,66.06,0.68,-0.13
Argentina,2009,9.97,0.92,66.18,0.64,-0.13
Argentina,2010,10.07,0.93,66.3,0.73,-0.13
Argentina,2011,10.11,0.89,66.42,0.82,-0.18
Argentina,2012,10.09,0.9,66.54,0.75,-0.15
Argentina,2013,10.1,0.91,66.66,0.74,-0.13
Argentina,2014,10.07,0.92,66.78,0.75,-0.17
Argentina,2015,10.08,0.93,66.9,0.88,-0.18
Argentina,2016,10.05,0.88,66.95,0.85,-0.2
Argentina,2017,10.07,0.91,67,0.83,-0.19
Argentina,2018,10.03,0.9,67.05,0.85,-0.21
Argentina,2019,10,0.9,67.1,0.82,-0.21
Argentina,2020,9.89,0.9,67.15,0.82,-0.13
Argentina,2021,9.98,0.88,67.2,0.82,-0.01
Argentina,2022,10.01,0.89,67.25,0.83,-0.13
Armenia,2006,9.02,0.68,63.84,0.52,-0.23
Armenia,2007,9.16,0.76,64.08,0.61,-0.25
Armenia,2008,9.23,0.71,64.32,0.46,-0.22
Armenia,2009,9.08,0.68,64.56,0.44,-0.22
Armenia,2010,9.11,0.66,64.8,0.46,-0.18
Armenia,2011,9.16,0.71,65.04,0.46,-0.23
Armenia,2012,9.24,0.68,65.28,0.5,-0.22
Armenia,2013,9.28,0.72,65.52,0.5,-0.2
Armenia,2014,9.32,0.74,65.76,0.51,-0.22
Armenia,2015,9.35,0.72,66,0.55,-0.21
Armenia,2016,9.36,0.71,66.28,0.61,-0.18
Armenia,2017,9.43,0.7,66.55,0.61,-0.15
Armenia,2018,9.49,0.81,66.82,0.81,-0.17
Armenia,2019,9.57,0.78,67.1,0.84,-0.18
Armenia,2021,9.56,0.76,67.65,0.8,-0.16
Armenia,2022,9.67,0.81,67.93,0.79,-0.15
Australia,2005,10.66,0.97,69.8,0.93,0
Australia,2007,10.69,0.97,69.96,0.89,0.34
Australia,2008,10.71,0.95,70.04,0.92,0.3
Australia,2010,10.71,0.95,70.2,0.93,0.31
Australia,2011,10.72,0.97,70.28,0.94,0.37
Australia,2012,10.74,0.94,70.36,0.94,0.27
Australia,2013,10.75,0.93,70.44,0.93,0.27
Australia,2014,10.76,0.92,70.52,0.92,0.31
Australia,2015,10.77,0.95,70.6,0.92,0.33
Australia,2016,10.78,0.94,70.68,0.92,0.23
Australia,2017,10.79,0.95,70.75,0.91,0.31
Australia,2018,10.8,0.94,70.82,0.92,0.14
Australia,2019,10.81,0.94,70.9,0.92,0.12
Australia,2020,10.79,0.94,70.97,0.91,0.2
Australia,2021,10.82,0.92,71.05,0.91,0.24
Australia,2022,10.85,0.94,71.13,0.85,0.15
Austria,2006,10.84,0.94,69.5,0.94,0.3
Austria,2008,10.88,0.93,69.7,0.88,0.29
Austria,2010,10.86,0.91,69.9,0.9,0.13
Austria,2011,10.88,0.94,70,0.94,0.13
Austria,2012,10.88,0.95,70.1,0.92,0.11
Austria,2013,10.88,0.95,70.2,0.92,0.16
Austria,2014,10.88,0.9,70.3,0.89,0.11
Austria,2015,10.88,0.93,70.4,0.9,0.09
Austria,2016,10.88,0.93,70.53,0.89,0.08
Austria,2017,10.9,0.91,70.65,0.89,0.13
Austria,2018,10.92,0.91,70.78,0.9,0.05
Austria,2019,10.93,0.96,70.9,0.9,0.06
Austria,2020,10.86,0.92,71.03,0.91,0.01
Austria,2021,10.9,0.86,71.15,0.79,0.16
Austria,2022,10.94,0.88,71.28,0.86,0.14
Azerbaijan,2006,9.15,0.85,60.58,0.77,-0.24
Azerbaijan,2007,9.37,0.75,60.86,0.52,-0.21
Azerbaijan,2008,9.45,0.68,61.14,0.6,-0.03
Azerbaijan,2009,9.52,0.74,61.42,0.5,-0.09
Azerbaijan,2010,9.55,0.69,61.7,0.5,-0.13
Azerbaijan,2011,9.54,0.73,61.98,0.54,-0.11
Azerbaijan,2012,9.55,0.76,62.26,0.6,-0.14
Azerbaijan,2013,9.59,0.77,62.54,0.67,-0.17
Azerbaijan,2014,9.61,0.8,62.82,0.73,-0.21
Azerbaijan,2015,9.61,0.79,63.1,0.76,-0.2
Azerbaijan,2016,9.56,0.78,63.22,0.71,-0.21
Azerbaijan,2017,9.56,0.79,63.35,0.73,-0.23
Azerbaijan,2018,9.56,0.78,63.47,0.77,-0.23
Azerbaijan,2019,9.58,0.89,63.6,0.85,-0.22
Bahrain,2009,10.71,0.9,64.76,0.9,0.03
Bahrain,2010,10.73,0.88,65,0.86,-0.01
Bahrain,2011,10.75,0.91,65.24,0.87,-0.06
Bahrain,2012,10.77,0.91,65.48,0.68,0
Bahrain,2013,10.8,0.88,65.72,0.81,0
Bahrain,2014,10.8,0,65.96,0,0
Bahrain,2015,10.79,0.85,66.2,0.85,0.11
Bahrain,2016,10.79,0.86,66.13,0.89,0.08
Bahrain,2017,10.8,0.88,66.05,0.91,0.13
Bahrain,2019,10.82,0.88,65.9,0.91,0.04
Bahrain,2020,10.78,0.85,65.82,0.95,0.12
Bangladesh,2006,7.94,0.67,59.12,0.61,0.06
Bangladesh,2007,8,0.51,59.64,0.6,0.03
Bangladesh,2008,8.05,0.47,60.16,0.61,-0.06
Bangladesh,2009,8.09,0.53,60.68,0.63,-0.09
Bangladesh,2010,8.13,0.55,61.2,0.66,-0.03
Bangladesh,2011,8.18,0.61,61.72,0.84,-0.08
Bangladesh,2012,8.23,0.58,62.24,0.67,-0.05
Bangladesh,2013,8.28,0.53,62.76,0.74,-0.03
Bangladesh,2014,8.32,0.58,63.28,0.74,-0.11
Bangladesh,2015,8.38,0.6,63.8,0.81,-0.08
Bangladesh,2016,8.43,0.65,63.92,0.87,-0.1
Bangladesh,2017,8.48,0.71,64.05,0.9,0
Bangladesh,2018,8.54,0.71,64.18,0.9,-0.06
Bangladesh,2019,8.61,0.67,64.3,0.9,-0.06
Bangladesh,2020,8.63,0.74,64.43,0.78,-0.02
Bangladesh,2021,8.68,0.48,64.55,0.89,0.09
Bangladesh,2022,8.74,0.4,64.68,0.86,-0.05
Belarus,2006,9.49,0.92,60.06,0.71,-0.25
Belarus,2007,9.58,0.86,60.62,0.67,-0.23
Belarus,2008,9.68,0.9,61.18,0.64,-0.22
Belarus,2009,9.68,0.91,61.74,0.68,-0.21
Belarus,2010,9.76,0.92,62.3,0.7,-0.17
Belarus,2011,9.81,0.91,62.86,0.66,-0.17
Belarus,2012,9.83,0.9,63.42,0.65,-0.22
Belarus,2013,9.84,0.92,63.98,0.72,-0.18
Belarus,2014,9.86,0.88,64.54,0.65,-0.05
Belarus,2015,9.82,0.92,65.1,0.62,-0.1
Belarus,2016,9.79,0.93,65.32,0.66,-0.13
Belarus,2017,9.82,0.9,65.55,0.62,-0.13
Belarus,2018,9.85,0.9,65.78,0.64,-0.18
Belarus,2019,9.87,0.92,66,0.66,-0.19
Belgium,2005,10.74,0.93,68.4,0.92,0
Belgium,2007,10.79,0.92,68.72,0.9,0.07
Belgium,2008,10.79,0.92,68.88,0.89,0
Belgium,2010,10.78,0.93,69.2,0.81,0.02
Belgium,2011,10.78,0.94,69.36,0.88,-0.02
Belgium,2012,10.78,0.93,69.52,0.86,-0.05
Belgium,2013,10.78,0.91,69.68,0.89,0.01
Belgium,2014,10.79,0.94,69.84,0.86,0
Belgium,2015,10.81,0.89,70,0.87,0.06
Belgium,2016,10.82,0.93,70.15,0.87,-0.06
Belgium,2017,10.83,0.92,70.3,0.86,0.05
Belgium,2018,10.84,0.93,70.45,0.81,-0.13
Belgium,2019,10.86,0.88,70.6,0.78,-0.18
Belgium,2020,10.8,0.9,70.75,0.77,-0.17
Belgium,2021,10.85,0.91,70.9,0.82,0.08
Belgium,2022,10.88,0.92,71.05,0.89,0.1
Belize,2007,9.19,0.87,64.3,0.71,0.01
Belize,2014,9.14,0.76,65,0.87,0
Benin,2006,7.84,0.44,51.96,0.58,-0.01
Benin,2008,7.89,0.38,52.48,0.71,0
Benin,2011,7.88,0.48,53.26,0.77,-0.14
Benin,2012,7.89,0.52,53.52,0.77,-0.11
Benin,2013,7.93,0.58,53.78,0.78,-0.08
Benin,2014,7.97,0.51,54.04,0.78,-0.1
Benin,2015,7.96,0.43,54.3,0.73,-0.03
Benin,2016,7.96,0.49,54.6,0.78,-0.06
Benin,2017,7.98,0.44,54.9,0.73,-0.06
Benin,2018,8.02,0.5,55.2,0.71,0
Benin,2019,8.06,0.44,55.5,0.77,-0.02
Benin,2020,8.07,0.51,55.8,0.78,-0.08
Benin,2021,8.11,0.44,56.1,0.72,-0.01
Benin,2022,8.14,0.37,56.4,0.71,-0.03
Bhutan,2013,9.1,0.82,62.24,0.81,0.35
Bhutan,2014,9.14,0.88,62.42,0.83,0.27
Bhutan,2015,9.2,0.85,62.6,0.83,0.28
Bolivia,2006,8.67,0.83,60.9,0.77,-0.05
Bolivia,2007,8.7,0.8,61.1,0.78,0
Bolivia,2008,8.74,0.79,61.3,0.73,-0.09
Bolivia,2009,8.76,0.83,61.5,0.78,-0.04
Bolivia,2010,8.78,0.81,61.7,0.7,-0.07
Bolivia,2011,8.81,0.82,61.9,0.78,-0.04
Bolivia,2012,8.85,0.78,62.1,0.86,-0.02
Bolivia,2013,8.9,0.8,62.3,0.85,-0.07
Bolivia,2014,8.93,0.82,62.5,0.88,0.02
Bolivia,2015,8.97,0.83,62.7,0.88,-0.03
Bolivia,2016,8.99,0.8,62.85,0.88,-0.05
Bolivia,2017,9.02,0.78,63,0.88,-0.12
Bolivia,2018,9.04,0.83,63.15,0.86,-0.09
Bolivia,2019,9.05,0.78,63.3,0.88,-0.09
Bolivia,2020,8.95,0.8,63.45,0.88,-0.05
Bolivia,2021,8.99,0.8,63.6,0.86,-0.06
Bolivia,2022,9.01,0.82,63.75,0.87,-0.08
Bosnia and Herzegovina,2007,9.19,0.77,67,0.34,0.01
Bosnia and Herzegovina,2009,9.25,0.74,67,0.26,-0.02
Bosnia and Herzegovina,2010,9.27,0.77,67,0.36,-0.13
Bosnia and Herzegovina,2011,9.3,0.73,67,0.33,-0.04
Bosnia and Herzegovina,2012,9.31,0.78,67,0.42,-0.01
Bosnia and Herzegovina,2013,9.35,0.77,67,0.39,0.04
Bosnia and Herzegovina,2014,9.37,0.79,67,0.41,0.23
Bosnia and Herzegovina,2015,9.42,0.66,67,0.63,-0.05
Bosnia and Herzegovina,2016,9.46,0.81,67.05,0.63,0.13
Bosnia and Herzegovina,2017,9.5,0.78,67.1,0.56,0.09
Bosnia and Herzegovina,2018,9.55,0.84,67.15,0.66,0.12
Bosnia and Herzegovina,2019,9.59,0.87,67.2,0.72,0.08
Bosnia and Herzegovina,2020,9.57,0.9,67.25,0.74,0.14
Bosnia and Herzegovina,2021,9.66,0.86,67.3,0.76,0.28
Botswana,2006,9.49,0.88,48.84,0.82,-0.2
Botswana,2008,9.54,0.83,49.72,0.86,-0.16
Botswana,2010,9.45,0.87,50.6,0.83,-0.14
Botswana,2011,9.49,0.86,51.04,0.81,-0.25
Botswana,2012,9.47,0.84,51.48,0.8,-0.19
Botswana,2013,9.56,0.86,51.92,0.77,-0.15
Botswana,2014,9.59,0.86,52.36,0.79,-0.1
Botswana,2015,9.52,0.82,52.8,0.86,-0.11
Botswana,2016,9.57,0.77,53.08,0.85,-0.24
Botswana,2017,9.59,0.77,53.35,0.82,-0.24
Botswana,2018,9.61,0.79,53.63,0.82,-0.25
Botswana,2019,9.62,0.77,53.9,0.83,-0.23
Botswana,2022,9.63,0.75,54.72,0.74,-0.21
Brazil,2005,9.44,0.88,63.1,0.88,0
Brazil,2007,9.51,0.89,63.42,0.78,-0.02
Brazil,2008,9.55,0.88,63.58,0.78,-0.08
Brazil,2009,9.54,0.91,63.74,0.77,-0.06
Brazil,2010,9.6,0.91,63.9,0.81,-0.06
Brazil,2011,9.63,0.92,64.06,0.83,-0.08
Brazil,2012,9.64,0.89,64.22,0.85,0
Brazil,2013,9.66,0.91,64.38,0.78,-0.1
Brazil,2014,9.66,0.9,64.54,0.71,-0.12
Brazil,2015,9.62,0.91,64.7,0.8,-0.02
Brazil,2016,9.58,0.91,64.88,0.81,-0.1
Brazil,2017,9.58,0.9,65.05,0.76,-0.18
Brazil,2018,9.59,0.88,65.22,0.75,-0.12
Brazil,2019,9.59,0.9,65.4,0.83,-0.07
Brazil,2020,9.55,0.83,65.57,0.79,-0.06
Brazil,2021,9.59,0.81,65.75,0.79,0.09
Brazil,2022,9.61,0.87,65.93,0.83,-0.06
Bulgaria,2007,9.75,0.83,64.78,0.57,-0.14
Bulgaria,2010,9.81,0.84,65.2,0.54,-0.15
Bulgaria,2011,9.83,0.86,65.34,0.66,-0.23
Bulgaria,2012,9.85,0.84,65.48,0.64,-0.18
Bulgaria,2013,9.85,0.83,65.62,0.6,-0.2
Bulgaria,2014,9.86,0.89,65.76,0.58,-0.06
Bulgaria,2015,9.9,0.91,65.9,0.64,-0.2
Bulgaria,2016,9.94,0.93,66,0.7,-0.17
Bulgaria,2017,9.97,0.94,66.1,0.69,-0.16
Bulgaria,2018,10.01,0.92,66.2,0.72,-0.18
Bulgaria,2019,10.05,0.95,66.3,0.82,-0.11
Bulgaria,2020,10.02,0.92,66.4,0.82,-0.01
Bulgaria,2021,10.1,0.88,66.5,0.84,-0.02
Bulgaria,2022,10.14,0.95,66.6,0.74,-0.15
Burkina Faso,2006,7.33,0.8,49.44,0.59,0.03
Burkina Faso,2007,7.34,0.77,49.88,0.58,-0.06
Burkina Faso,2008,7.36,0.73,50.32,0.61,-0.1
Burkina Faso,2010,7.42,0.77,51.2,0.59,-0.03
Burkina Faso,2011,7.45,0.71,51.64,0.72,-0.1
Burkina Faso,2012,7.48,0.74,52.08,0.62,-0.07
Burkina Faso,2013,7.51,0.75,52.52,0.74,-0.01
Burkina Faso,2014,7.52,0.74,52.96,0.71,0
Burkina Faso,2015,7.53,0.71,53.4,0.66,0
Burkina Faso,2016,7.56,0.76,53.78,0.64,0
Burkina Faso,2017,7.59,0.78,54.15,0.61,-0.06
Burkina Faso,2018,7.63,0.66,54.53,0.72,-0.01
Burkina Faso,2019,7.65,0.68,54.9,0.68,0
Burkina Faso,2020,7.65,0.67,55.28,0.75,0.12
Burkina Faso,2021,7.69,0.66,55.65,0.64,0.07
Burundi,2008,6.7,0.29,49.66,0.26,-0.02
Burundi,2009,6.69,0.33,50.28,0.43,-0.02
Burundi,2011,6.69,0.42,51.52,0.49,-0.06
Burundi,2014,6.72,0.56,53.38,0.43,-0.06
Burundi,2018,6.61,0.48,55.2,0.65,-0.02
Cambodia,2006,7.75,0.79,57.64,0,0.25
Cambodia,2007,7.83,0.68,57.98,0.82,0.11
Cambodia,2008,7.87,0.62,58.32,0.91,0.04
Cambodia,2009,7.86,0.82,58.66,0.94,0.15
Cambodia,2010,7.9,0.7,59,0.94,0.35
Cambodia,2011,7.96,0.72,59.34,0.93,0.42
Cambodia,2012,8.01,0.61,59.68,0.96,0.24
Cambodia,2013,8.07,0.65,60.02,0.94,0.16
Cambodia,2014,8.13,0.69,60.36,0.94,0.24
Cambodia,2015,8.18,0.73,60.7,0.96,0.21
Cambodia,2016,8.23,0.75,60.9,0.96,0.07
Cambodia,2017,8.29,0.77,61.1,0.96,0.08
Cambodia,2018,8.35,0.79,61.3,0.96,0.03
Cambodia,2019,8.4,0.76,61.5,0.96,0.01
Cambodia,2020,8.36,0.72,61.7,0.96,0.05
Cambodia,2021,8.38,0.71,61.9,0.97,0.02
Cambodia,2022,8.41,0.78,62.1,0.95,0.15
Cameroon,2006,8.09,0.69,47.84,0.65,-0.02
Cameroon,2007,8.1,0.72,48.28,0.64,-0.04
Cameroon,2008,8.1,0.7,48.72,0.58,-0.08
Cameroon,2009,8.1,0.73,49.16,0.7,-0.02
Cameroon,2010,8.1,0.76,49.6,0.79,0
Cameroon,2011,8.11,0.74,50.04,0.82,-0.04
Cameroon,2012,8.12,0.74,50.48,0.77,-0.04
Cameroon,2013,8.14,0.76,50.92,0.79,-0.04
Cameroon,2014,8.17,0.78,51.36,0.79,-0.08
Cameroon,2015,8.19,0.65,51.8,0.79,0.04
Cameroon,2016,8.21,0.66,52.47,0.71,-0.01
Cameroon,2017,8.21,0.69,53.15,0.77,-0.03
Cameroon,2018,8.22,0.68,53.83,0.82,0.03
Cameroon,2019,8.23,0.71,54.5,0.71,-0.01
Cameroon,2020,8.21,0.72,55.17,0.67,0.04
Cameroon,2021,8.22,0.69,55.85,0.72,-0.03
Cameroon,2022,8.23,0.63,56.53,0.67,0.03
Canada,2005,10.71,0.96,70.5,0.96,0.25
Canada,2007,10.73,0,70.62,0.93,0.25
Canada,2008,10.73,0.94,70.68,0.93,0.26
Canada,2009,10.69,0.94,70.74,0.92,0.24
Canada,2010,10.71,0.95,70.8,0.93,0.23
Canada,2011,10.73,0.92,70.86,0.95,0.25
Canada,2012,10.74,0.95,70.92,0.92,0.29
Canada,2013,10.75,0.94,70.98,0.92,0.31
Canada,2014,10.77,0.92,71.04,0.94,0.27
Canada,2015,10.77,0.94,71.1,0.93,0.25
Canada,2016,10.77,0.92,71.15,0.91,0.21
Canada,2017,10.79,0.93,71.2,0.95,0.16
Canada,2018,10.8,0.92,71.25,0.95,0.1
Canada,2019,10.8,0.93,71.3,0.91,0.11
Canada,2020,10.74,0.93,71.35,0.89,0.04
Canada,2021,10.78,0.93,71.4,0.9,0.19
Canada,2022,10.8,0.93,71.45,0.84,0.22
Central African Republic,2007,6.95,0.53,41.48,0.66,0.08
Central African Republic,2010,7.03,0.48,42.5,0.69,-0.03
Central African Republic,2011,7.06,0.39,42.84,0.78,-0.01
Central African Republic,2016,6.71,0.29,44.75,0.62,0.04
Central African Republic,2017,6.73,0.32,45.3,0.65,0.08
Chad,2006,7.37,0.72,47.08,0.31,0.03
Chad,2007,7.37,0.48,47.46,0.29,-0.01
Chad,2008,7.36,0.57,47.84,0.53,0.06
Chad,2009,7.37,0.65,48.22,0.4,0.02
Chad,2010,7.46,0.73,48.6,0.5,0.02
Chad,2011,7.43,0.82,48.98,0.54,0.03
Chad,2012,7.48,0.67,49.36,0.56,-0.04
Chad,2013,7.5,0.71,49.74,0.49,-0.05
Chad,2014,7.53,0.73,50.12,0.57,-0.07
Chad,2015,7.52,0.75,50.5,0.47,-0.03
Chad,2016,7.43,0.62,50.88,0.53,0.05
Chad,2017,7.37,0.66,51.25,0.61,0.01
Chad,2018,7.35,0.58,51.63,0.65,0.02
Chad,2019,7.35,0.64,52,0.54,0.05
Chad,2022,7.26,0.72,53.13,0.68,0.22
Chile,2006,9.87,0.84,67.78,0.74,0.16
Chile,2007,9.91,0.81,67.96,0.66,0.24
Chile,2008,9.94,0.8,68.14,0.64,0.08
Chile,2009,9.92,0.83,68.32,0.75,0.14
Chile,2010,9.96,0.86,68.5,0.79,0.1
Chile,2011,10.01,0.82,68.68,0.7,0.11
Chile,2012,10.06,0.86,68.86,0.73,0.19
Chile,2013,10.09,0.86,69.04,0.74,0.08
Chile,2014,10.09,0.86,69.22,0.73,0.21
Chile,2015,10.1,0.83,69.4,0.77,0.03
Chile,2016,10.11,0.84,69.55,0.65,0.1
Chile,2017,10.11,0.88,69.7,0.79,-0.03
Chile,2018,10.13,0.89,69.85,0.79,-0.07
Chile,2019,10.12,0.87,70,0.66,-0.11
Chile,2020,10.04,0.89,70.15,0.78,0.03
Chile,2021,10.14,0.89,70.3,0.8,-0.05
Chile,2022,10.15,0.89,70.45,0.79,-0.01
China,2006,8.7,0.75,65.66,0,0
China,2007,8.82,0.81,65.92,0,-0.18
China,2008,8.91,0.75,66.18,0.85,-0.1
China,2009,9,0.8,66.44,0.77,-0.16
China,2010,9.09,0.77,66.7,0.8,-0.14
China,2011,9.18,0.79,66.96,0.82,-0.19
China,2012,9.25,0.79,67.22,0.81,-0.19
China,2013,9.31,0.78,67.48,0.8,-0.16
China,2014,9.38,0.82,67.74,0,-0.22
China,2015,9.44,0.79,68,0,-0.25
China,2016,9.5,0.74,68.13,0,-0.23
China,2017,9.56,0.77,68.25,0.88,-0.18
China,2018,9.62,0.79,68.38,0.9,-0.16
China,2019,9.68,0.82,68.5,0.93,-0.18
China,2020,9.7,0.81,68.63,0.89,-0.11
China,2021,9.78,0.86,68.75,0.87,0.02
Colombia,2006,9.28,0.91,66.32,0.8,-0.02
Colombia,2007,9.33,0.89,66.54,0.79,-0.04
Colombia,2008,9.35,0.88,66.76,0.8,-0.04
Colombia,2009,9.35,0.89,66.98,0.76,-0.06
Colombia,2010,9.38,0.89,67.2,0.82,-0.05
Colombia,2011,9.44,0.9,67.42,0.81,-0.08
Colombia,2012,9.47,0.91,67.64,0.83,-0.01
Colombia,2013,9.51,0.9,67.86,0.84,-0.07
Colombia,2014,9.54,0.91,68.08,0.8,-0.09
Colombia,2015,9.56,0.89,68.3,0.79,-0.1
Colombia,2016,9.57,0.88,68.47,0.83,-0.1
Colombia,2017,9.57,0.91,68.65,0.84,-0.16
Colombia,2018,9.58,0.87,68.82,0.85,-0.15
Colombia,2019,9.59,0.87,69,0.82,-0.17
Colombia,2020,9.5,0.8,69.18,0.84,-0.09
Colombia,2021,9.59,0.79,69.35,0.77,-0.06
Colombia,2022,9.66,0.88,69.53,0.8,-0.16
Comoros,2009,8,0.63,56.76,0.51,-0.08
Comoros,2010,8.01,0.72,57,0.53,0
Comoros,2011,8.03,0.72,57.24,0.5,-0.08
Comoros,2012,8.04,0.72,57.48,0.53,-0.13
Comoros,2018,8.1,0.62,58.72,0.56,0.08
Comoros,2019,8.1,0.63,58.9,0.54,0.07
Comoros,2022,8.07,0.47,59.42,0.48,-0.01
Congo (Brazzaville),2008,8.39,0.55,52.24,0.53,-0.12
Congo (Brazzaville),2011,8.5,0.64,53.38,0.74,-0.13
Congo (Brazzaville),2012,8.57,0.62,53.76,0.77,-0.14
Congo (Brazzaville),2013,8.54,0.68,54.14,0.73,-0.1
Congo (Brazzaville),2014,8.58,0.69,54.52,0.66,-0.14
Congo (Brazzaville),2015,8.52,0.64,54.9,0.85,-0.13
Congo (Brazzaville),2016,8.38,0.62,55.22,0.79,-0.09
Congo (Brazzaville),2017,8.31,0.66,55.55,0.78,-0.14
Congo (Brazzaville),2018,8.24,0.62,55.88,0.7,-0.1
Congo (Brazzaville),2019,8.21,0.62,56.2,0.69,-0.06
Congo (Brazzaville),2020,8.13,0.6,56.53,0.76,-0.02
Congo (Brazzaville),2021,8.08,0.57,56.85,0.74,-0.02
Congo (Brazzaville),2022,8.08,0.65,57.17,0.7,0.03
Congo (Kinshasa),2009,6.7,0.73,49.4,0.56,-0.02
Congo (Kinshasa),2011,6.77,0.74,50.4,0.63,-0.02
Congo (Kinshasa),2012,6.8,0.77,50.9,0.56,-0.03
Congo (Kinshasa),2013,6.85,0.83,51.4,0.48,0.01
Congo (Kinshasa),2014,6.91,0.82,51.9,0.56,0.01
Congo (Kinshasa),2015,6.94,0.77,52.4,0.57,-0.05
Congo (Kinshasa),2016,6.93,0.86,52.83,0.64,-0.02
Congo (Kinshasa),2017,6.93,0.67,53.25,0.7,0.07
Congo (Kinshasa),2022,7.01,0.65,55.38,0.66,0.09
Costa Rica,2006,9.61,0.94,68.56,0.88,0.05
Costa Rica,2007,9.67,0.92,68.72,0.92,0.09
Costa Rica,2008,9.7,0.92,68.88,0.91,0.09
Costa Rica,2009,9.68,0.9,69.04,0.89,0.06
Costa Rica,2010,9.72,0.92,69.2,0.88,0.04
Costa Rica,2011,9.75,0.89,69.36,0.93,-0.04
Costa Rica,2012,9.79,0.9,69.52,0.93,0.04
Costa Rica,2013,9.8,0.9,69.68,0.9,0.01
Costa Rica,2014,9.82,0.91,69.84,0.93,0
Costa Rica,2015,9.85,0.88,70,0.91,-0.07
Costa Rica,2016,9.88,0.9,70,0.87,-0.04
Costa Rica,2017,9.91,0.92,70,0.94,-0.08
Costa Rica,2018,9.93,0.88,70,0.94,-0.11
Costa Rica,2019,9.94,0.91,70,0.93,-0.15
Costa Rica,2020,9.89,0.83,70,0.89,-0.14
Costa Rica,2021,9.96,0.88,70,0.89,-0.03
Costa Rica,2022,10,0.9,70,0.91,-0.05
Croatia,2007,10.17,0.91,66.94,0.66,-0.1
Croatia,2009,10.12,0.86,67.18,0.55,-0.28
Croatia,2010,10.11,0.8,67.3,0.56,-0.24
Croatia,2011,10.11,0.79,67.42,0.52,-0.2
Croatia,2012,10.09,0.78,67.54,0.54,-0.25
Croatia,2013,10.09,0.75,67.66,0.63,-0.21
Croatia,2014,10.09,0.65,67.78,0.52,0.13
Croatia,2015,10.12,0.77,67.9,0.69,-0.1
Croatia,2016,10.17,0.8,68.07,0.67,-0.07
Croatia,2017,10.21,0.77,68.25,0.72,-0.11
Croatia,2018,10.25,0.91,68.43,0.69,-0.16
Croatia,2019,10.29,0.94,68.6,0.74,-0.14
Croatia,2020,10.2,0.92,68.78,0.84,-0.07
Croatia,2021,10.36,0.92,68.95,0.84,0
Croatia,2022,10.46,0.91,69.13,0.59,-0.21
Cuba,2006,0,0.97,68,0.28,0
Cyprus,2006,10.57,0.88,70.16,0.84,0.01
Cyprus,2009,10.56,0.81,70.64,0.77,0.05
Cyprus,2010,10.56,0.82,70.8,0.76,0.07
Cyprus,2011,10.53,0.84,70.96,0.75,0.18
Cyprus,2012,10.48,0.77,71.12,0.72,0.09
Cyprus,2013,10.42,0.74,71.28,0.66,0.1
Cyprus,2014,10.41,0.77,71.44,0.72,0.06
Cyprus,2015,10.45,0.77,71.6,0.63,0.11
Cyprus,2016,10.51,0.79,71.8,0.76,-0.03
Cyprus,2017,10.56,0.82,72,0.81,0.04
Cyprus,2018,10.6,0.83,72.2,0.79,-0.03
Cyprus,2019,10.64,0.78,72.4,0.74,-0.02
Cyprus,2020,10.58,0.81,72.6,0.76,-0.08
Cyprus,2021,10.64,0.86,72.8,0.72,-0.04
Cyprus,2022,0,0.82,73,0.7,0
Czechia,2005,10.32,0.92,67.1,0.87,0
Czechia,2007,10.43,0.9,67.34,0.8,-0.07
Czechia,2010,10.42,0.93,67.7,0.78,-0.05
Czechia,2011,10.43,0.91,67.82,0.79,-0.11
Czechia,2012,10.42,0.91,67.94,0.74,-0.16
Czechia,2013,10.42,0.89,68.06,0.73,-0.16
Czechia,2014,10.45,0.88,68.18,0.8,-0.17
Czechia,2015,10.5,0.91,68.3,0.81,-0.15
Czechia,2016,10.52,0.93,68.43,0.85,-0.2
Czechia,2017,10.57,0.9,68.55,0.83,-0.18
Czechia,2018,10.6,0.93,68.68,0.79,-0.3
Czechia,2020,10.56,0.96,68.93,0.91,-0.13
Czechia,2021,10.61,0.95,69.05,0.89,0.16
Czechia,2022,10.66,0.94,69.18,0.91,0.09
Denmark,2005,10.85,0.97,68.3,0.97,0
Denmark,2007,10.89,0.95,68.74,0.93,0.24
Denmark,2008,10.88,0.95,68.96,0.97,0.27
Denmark,2009,10.82,0.94,69.18,0.95,0.26
Denmark,2010,10.84,0.97,69.4,0.94,0.24
Denmark,2011,10.85,0.96,69.62,0.93,0.29
Denmark,2012,10.84,0.95,69.84,0.93,0.13
Denmark,2013,10.85,0.96,70.06,0.92,0.21
Denmark,2014,10.86,0.96,70.28,0.94,0.11
Denmark,2015,10.88,0.96,70.5,0.94,0.22
Denmark,2016,10.9,0.95,70.63,0.95,0.13
Denmark,2017,10.92,0.95,70.75,0.96,0.15
Denmark,2018,10.94,0.96,70.88,0.94,0.01
Denmark,2019,10.95,0.96,71,0.96,0.02
Denmark,2020,10.92,0.95,71.13,0.94,0.05
Denmark,2021,10.97,0.94,71.25,0.93,0.13
Denmark,2022,10.99,0.97,71.38,0.93,0.22
Djibouti,2008,8.12,0.69,53.64,0.77,0.13
Djibouti,2009,8.01,0.9,54.12,0.65,0
Djibouti,2010,7.93,0,54.6,0.76,-0.07
Djibouti,2011,8.15,0.63,55.08,0.75,-0.08
Dominican Republic,2006,9.31,0.92,65.36,0.86,0.04
Dominican Republic,2007,9.37,0.85,65.12,0.89,-0.01
Dominican Republic,2008,9.38,0.85,64.88,0.85,-0.05
Dominican Republic,2009,9.38,0.88,64.64,0.86,-0.06
Dominican Republic,2010,9.45,0.86,64.4,0.82,-0.08
Dominican Republic,2011,9.47,0.87,64.16,0.85,0.01
Dominican Republic,2012,9.48,0.88,63.92,0.84,-0.06
Dominican Republic,2013,9.51,0.88,63.68,0.89,0.02
Dominican Republic,2014,9.57,0.89,63.44,0.9,-0.02
Dominican Republic,2015,9.63,0.89,63.2,0.86,-0.07
Dominican Republic,2016,9.68,0.89,63.4,0.87,-0.08
Dominican Republic,2017,9.71,0.89,63.6,0.86,-0.12
Dominican Republic,2018,9.77,0.86,63.8,0.87,-0.15
Dominican Republic,2019,9.81,0.88,64,0.88,-0.13
Dominican Republic,2020,9.73,0.81,64.2,0.83,-0.13
Dominican Republic,2021,9.83,0.86,64.4,0.86,-0.09
Dominican Republic,2022,9.87,0.82,64.6,0.85,-0.08
Ecuador,2006,9.19,0.91,64.44,0.67,-0.09
Ecuador,2007,9.19,0.84,64.78,0.67,-0.07
Ecuador,2008,9.24,0.83,65.12,0.64,-0.1
Ecuador,2009,9.23,0.78,65.46,0.74,-0.11
Ecuador,2010,9.25,0.84,65.8,0.72,-0.07
Ecuador,2011,9.3,0.82,66.14,0.79,-0.16
Ecuador,2012,9.34,0.79,66.48,0.83,-0.09
Ecuador,2013,9.38,0.8,66.82,0.79,-0.19
Ecuador,2014,9.4,0.83,67.16,0.72,-0.17
Ecuador,2015,9.38,0.86,67.5,0.8,-0.12
Ecuador,2016,9.36,0.84,67.75,0.85,-0.02
Ecuador,2017,9.37,0.85,68,0.88,-0.17
Ecuador,2018,9.36,0.85,68.25,0.87,-0.1
Ecuador,2019,9.34,0.81,68.5,0.83,-0.12
Ecuador,2020,9.25,0.8,68.75,0.83,-0.16
Ecuador,2021,9.28,0.79,69,0.82,-0.08
Ecuador,2022,9.29,0.83,69.25,0.76,-0.08
Egypt,2005,8.99,0.85,61.4,0.82,0
Egypt,2007,9.09,0.69,61.52,0.61,-0.12
Egypt,2008,9.13,0.74,61.58,0,-0.09
Egypt,2009,9.16,0.74,61.64,0.61,-0.1
Egypt,2010,9.19,0.77,61.7,0.49,-0.07
Egypt,2011,9.19,0.75,61.76,0.59,-0.15
Egypt,2012,9.19,0.74,61.82,0.45,-0.14
Egypt,2013,9.18,0.68,61.88,0.47,-0.14
Egypt,2014,9.19,0.62,61.94,0.58,-0.13
Egypt,2015,9.21,0.73,62,0.66,-0.09
Egypt,2016,9.23,0.81,62.25,0.66,-0.14
Egypt,2017,9.25,0.64,62.5,0.59,-0.15
Egypt,2018,9.29,0.76,62.75,0.68,-0.21
Egypt,2019,9.32,0.77,63,0.77,-0.2
Egypt,2020,9.34,0.67,63.25,0.77,-0.11
Egypt,2021,9.36,0.72,63.5,0.7,-0.23
Egypt,2022,9.4,0.77,63.75,0.73,-0.21
El Salvador,2006,8.88,0.88,65.12,0.68,-0.06
El Salvador,2007,8.9,0.72,64.94,0.64,-0.02
El Salvador,2008,8.92,0.75,64.76,0.64,-0.08
El Salvador,2009,8.89,0.73,64.58,0.67,-0.11
El Salvador,2010,8.91,0.76,64.4,0.67,-0.07
El Salvador,2011,8.94,0.73,64.22,0.75,-0.13
El Salvador,2012,8.97,0.81,64.04,0.68,-0.16
El Salvador,2013,8.99,0.83,63.86,0.72,-0.15
El Salvador,2014,9,0.8,63.68,0.78,-0.2
El Salvador,2015,9.02,0.79,63.5,0.73,-0.16
El Salvador,2016,9.04,0.79,63.85,0.8,-0.19
El Salvador,2017,9.06,0.83,64.2,0.76,-0.18
El Salvador,2018,9.08,0.82,64.55,0.86,-0.1
El Salvador,2019,9.11,0.76,64.9,0.88,-0.11
El Salvador,2020,9.02,0.7,65.25,0.92,-0.13
El Salvador,2021,9.11,0.8,65.6,0.91,-0.08
El Salvador,2022,9.13,0.77,65.95,0.91,-0.11
Estonia,2006,10.27,0.91,65.78,0.75,-0.27
Estonia,2007,10.35,0.9,66.06,0.71,-0.25
Estonia,2008,10.3,0.9,66.34,0.64,-0.22
Estonia,2009,10.14,0.87,66.62,0.61,-0.23
Estonia,2011,10.24,0.91,67.18,0.74,-0.17
Estonia,2012,10.27,0.89,67.46,0.7,-0.2
Estonia,2013,10.29,0.9,67.74,0.75,-0.2
Estonia,2014,10.33,0.92,68.02,0.77,-0.16
Estonia,2015,10.34,0.92,68.3,0.81,-0.17
Estonia,2016,10.37,0.94,68.53,0.84,-0.15
Estonia,2017,10.43,0.94,68.75,0.86,-0.1
Estonia,2018,10.46,0.93,68.97,0.89,-0.14
Estonia,2019,10.5,0.93,69.2,0.89,-0.1
Estonia,2020,10.49,0.96,69.43,0.95,-0.09
Estonia,2021,10.56,0.95,69.65,0.93,0.05
Estonia,2022,10.57,0.93,69.88,0.9,0.14
Eswatini,2011,8.9,0.84,42.5,0.61,-0.07
Eswatini,2018,9.03,0.78,49.3,0.71,-0.18
Eswatini,2019,9.05,0.76,50.1,0.6,-0.19
Ethiopia,2012,7.25,0.66,56.32,0.78,-0.04
Ethiopia,2013,7.33,0.6,56.98,0.71,-0.01
Ethiopia,2014,7.4,0.64,57.64,0.69,0.08
Ethiopia,2015,7.47,0.63,58.3,0.8,0.11
Ethiopia,2016,7.53,0.72,58.7,0.74,0.04
Ethiopia,2017,7.59,0.73,59.1,0.72,0
Ethiopia,2018,7.63,0.74,59.5,0.74,0.04
Ethiopia,2019,7.69,0.75,59.9,0.75,0.05
Ethiopia,2020,7.72,0.82,60.3,0.77,0.19
Ethiopia,2022,7.76,0.74,61.1,0.67,0.36
Finland,2006,10.75,0.96,68.72,0.97,-0.01
Finland,2008,10.8,0.95,69.16,0.93,0.02
Finland,2010,10.73,0.94,69.6,0.92,0.09
Finland,2011,10.75,0.94,69.82,0.94,0.1
Finland,2012,10.74,0.93,70.04,0.92,-0.01
Finland,2013,10.72,0.94,70.26,0.92,0.04
Finland,2014,10.71,0.95,70.48,0.93,-0.01
Finland,2015,10.72,0.95,70.7,0.93,0.11
Finland,2016,10.74,0.95,70.78,0.95,-0.03
Finland,2017,10.77,0.96,70.85,0.96,-0.01
Finland,2018,10.78,0.96,70.93,0.94,-0.13
Finland,2019,10.79,0.94,71,0.95,-0.06
Finland,2020,10.77,0.96,71.07,0.96,-0.12
Finland,2021,10.79,0.97,71.15,0.96,-0.04
Finland,2022,10.81,0.97,71.22,0.96,0.1
France,2005,10.64,0.94,70.7,0.89,0
France,2006,10.65,0.94,70.8,0.79,0.12
France,2008,10.67,0.94,71,0.83,-0.03
France,2009,10.63,0.92,71.1,0.8,-0.09
France,2010,10.65,0.94,71.2,0.85,-0.11
France,2011,10.67,0.92,71.3,0.9,-0.11
France,2012,10.66,0.94,71.4,0.84,-0.15
France,2013,10.66,0.91,71.5,0.88,-0.13
France,2014,10.67,0.88,71.6,0.8,-0.12
France,2015,10.68,0.9,71.7,0.82,-0.14
France,2016,10.69,0.88,71.8,0.79,-0.1
France,2017,10.7,0.93,71.9,0.83,-0.13
France,2018,10.72,0.92,72,0.82,-0.14
France,2019,10.73,0.96,72.1,0.83,-0.14
France,2020,10.65,0.95,72.2,0.82,-0.17
France,2021,10.71,0.91,72.3,0.84,-0.1
France,2022,10.74,0.87,72.4,0.8,-0.02
Gabon,2011,9.56,0.65,54.46,0.77,-0.21
Gabon,2012,9.57,0.74,54.92,0.57,-0.19
Gabon,2013,9.59,0.73,55.38,0.68,-0.15
Gabon,2014,9.6,0.83,55.84,0.61,-0.2
Gabon,2015,9.61,0.76,56.3,0.67,-0.19
Gabon,2016,9.6,0.78,56.63,0.7,-0.2
Gabon,2017,9.58,0.81,56.95,0.65,-0.23
Gabon,2018,9.56,0.78,57.28,0.72,-0.2
Gabon,2019,9.58,0.76,57.6,0.74,-0.2
Gabon,2020,9.54,0.7,57.92,0.53,-0.19
Gabon,2021,9.53,0.75,58.25,0.7,-0.2
Gabon,2022,9.54,0.78,58.58,0.7,-0.16
Gambia,2017,7.56,0.7,56.4,0.81,0.11
Gambia,2018,7.61,0.68,56.7,0.72,0.44
Gambia,2019,7.64,0.69,57,0.68,0.41
Gambia,2022,7.65,0.59,57.9,0.6,0.36
Georgia,2006,8.99,0.65,63.3,0.55,-0.27
Georgia,2007,9.12,0.55,63.4,0.46,-0.27
Georgia,2008,9.14,0.61,63.5,0.61,-0.23
Georgia,2009,9.12,0.54,63.6,0.5,-0.24
Georgia,2010,9.18,0.54,63.7,0.56,-0.25
Georgia,2011,9.26,0.5,63.8,0.63,-0.26
Georgia,2012,9.33,0.53,63.9,0.66,-0.27
Georgia,2013,9.37,0.56,64,0.72,-0.26
Georgia,2014,9.41,0.56,64.1,0.72,-0.24
Georgia,2015,9.44,0.52,64.2,0.64,-0.21
Georgia,2016,9.47,0.53,64.32,0.61,-0.25
Georgia,2017,9.52,0.59,64.45,0.82,-0.25
Georgia,2018,9.56,0.62,64.57,0.78,-0.24
Georgia,2019,9.62,0.67,64.7,0.81,-0.26
Georgia,2020,9.54,0.72,64.82,0.76,-0.22
Georgia,2021,9.65,0.67,64.95,0.78,-0.29
Georgia,2022,9.75,0.75,65.07,0.82,-0.25
Germany,2005,10.69,0.96,69.9,0.85,0
Germany,2007,10.76,0.93,69.94,0.8,0.16
Germany,2008,10.77,0.92,69.96,0.77,0
Germany,2009,10.72,0.93,69.98,0.84,0.12
Germany,2010,10.76,0.94,70,0.84,0.09
Germany,2011,10.81,0.95,70.02,0.91,0.03
Germany,2012,10.82,0.93,70.04,0.9,0.07
Germany,2013,10.82,0.93,70.06,0.89,0.02
Germany,2014,10.84,0.94,70.08,0.9,0.08
Germany,2015,10.84,0.93,70.1,0.89,0.17
Germany,2016,10.86,0.91,70.3,0.87,0.14
Germany,2017,10.88,0.89,70.5,0.84,0.14
Germany,2018,10.89,0.92,70.7,0.88,0.03
Germany,2019,10.89,0.89,70.9,0.88,0.05
Germany,2020,10.86,0.91,71.1,0.86,-0.07
Germany,2021,10.88,0.87,71.3,0.78,0.08
Germany,2022,10.9,0.92,71.5,0.9,0.08
Ghana,2006,8.07,0.73,52.54,0.85,0.21
Ghana,2007,8.08,0.73,52.98,0.89,0.14
Ghana,2008,8.15,0.62,53.42,0.84,0.12
Ghana,2009,8.17,0.63,53.86,0.76,0
Ghana,2010,8.22,0.74,54.3,0.89,0.07
Ghana,2011,8.33,0.72,54.74,0.85,0.01
Ghana,2012,8.39,0.69,55.18,0.68,0.04
Ghana,2013,8.44,0.68,55.62,0.79,-0.07
Ghana,2014,8.44,0.65,56.06,0.68,0
Ghana,2015,8.44,0.69,56.5,0.85,-0.04
Ghana,2016,8.45,0.65,56.88,0.75,0.09
Ghana,2017,8.5,0.67,57.25,0.78,0.08
Ghana,2018,8.54,0.76,57.63,0.82,0.06
Ghana,2019,8.58,0.75,58,0.79,0.11
Ghana,2020,8.57,0.64,58.38,0.82,0.2
Ghana,2021,8.6,0.63,58.75,0.73,0.11
Ghana,2022,8.62,0.63,59.13,0.79,0.12
Greece,2005,10.45,0.84,69.6,0.73,0
Greece,2007,10.54,0.81,69.76,0.58,-0.19
Greece,2009,10.48,0.79,69.92,0.44,-0.3
Greece,2010,10.43,0.87,70,0.48,-0.31
Greece,2011,10.32,0.85,70.08,0.53,-0.32
Greece,2012,10.25,0.81,70.16,0.37,-0.31
Greece,2013,10.23,0.69,70.24,0.43,-0.28
Greece,2014,10.24,0.83,70.32,0.37,-0.29
Greece,2015,10.25,0.83,70.4,0.53,-0.28
Greece,2016,10.25,0.8,70.53,0.48,-0.26
Greece,2017,10.26,0.75,70.65,0.44,-0.29
Greece,2018,10.28,0.79,70.78,0.56,-0.34
Greece,2019,10.3,0.89,70.9,0.61,-0.29
Greece,2020,10.21,0.78,71.03,0.56,-0.24
Greece,2021,10.29,0.85,71.15,0.57,-0.16
Greece,2022,10.36,0.88,71.28,0.56,-0.32
Guatemala,2006,8.85,0.83,58.98,0.66,0.17
Guatemala,2007,8.89,0.87,59.26,0.63,0.13
Guatemala,2008,8.9,0.87,59.54,0.63,0.2
Guatemala,2009,8.89,0.83,59.82,0.64,0.19
Guatemala,2010,8.9,0.86,60.1,0.7,0.16
Guatemala,2011,8.92,0.77,60.38,0.76,0.01
Guatemala,2012,8.93,0.8,60.66,0.87,0.02
Guatemala,2013,8.95,0.83,60.94,0.88,0.04
Guatemala,2014,8.98,0.83,61.22,0.84,0.1
Guatemala,2015,9,0.82,61.5,0.87,0.05
Guatemala,2016,9.01,0.81,61.7,0.86,0.01
Guatemala,2017,9.03,0.83,61.9,0.91,-0.06
Guatemala,2018,9.04,0.84,62.1,0.91,-0.01
Guatemala,2019,9.07,0.77,62.3,0.9,-0.07
Guatemala,2022,9.12,0.81,62.9,0.86,-0.06
Guinea,2011,7.56,0.6,51.02,0.8,0.04
Guinea,2012,7.59,0.54,51.14,0.65,0
Guinea,2013,7.6,0.57,51.26,0.69,0.09
Guinea,2014,7.62,0.64,51.38,0.68,0.01
Guinea,2015,7.63,0.58,51.5,0.67,0.01
Guinea,2016,7.7,0.68,51.95,0.73,-0.06
Guinea,2017,7.78,0.63,52.4,0.74,0.04
Guinea,2018,7.81,0.63,52.85,0.73,0.09
Guinea,2019,7.84,0.66,53.3,0.69,0.1
Guinea,2020,7.86,0.73,53.75,0.6,0.08
Guinea,2021,7.88,0.63,54.2,0.68,0.16
Guinea,2022,7.9,0.58,54.65,0.73,0.14
Guyana,2007,9.09,0.85,56.24,0.69,0.08
Haiti,2006,7.97,0.69,6.72,0.45,0.36
Haiti,2008,8.01,0.68,17.36,0.46,0.22
Haiti,2010,7.98,0.55,28,0.37,0.17
Haiti,2011,8.02,0.57,33.32,0.41,0.2
Haiti,2012,8.01,0.75,38.64,0.48,0.25
Haiti,2013,8.04,0.65,43.96,0.61,0.25
Haiti,2014,8.04,0.55,49.28,0.51,0.24
Haiti,2015,8.05,0.56,54.6,0.4,0.26
Haiti,2016,8.06,0.58,54.9,0.3,0.25
Haiti,2017,8.07,0.65,55.2,0.48,0.34
Haiti,2018,8.07,0.54,55.5,0.59,0.38
Honduras,2006,8.45,0.93,63.1,0.65,0.09
Honduras,2007,8.49,0.82,62.9,0.68,0.23
Honduras,2008,8.5,0.83,62.7,0.69,0.22
Honduras,2009,8.46,0.82,62.5,0.66,0.12
Honduras,2010,8.47,0.8,62.3,0.65,0.1
Honduras,2011,8.49,0.77,62.1,0.78,0.09
Honduras,2012,8.51,0.78,61.9,0.7,0
Honduras,2013,8.52,0.79,61.7,0.7,-0.03
Honduras,2014,8.53,0.79,61.5,0.7,0.01
Honduras,2015,8.55,0.77,61.3,0.53,-0.1
Honduras,2016,8.57,0.77,61.72,0.85,0.08
Honduras,2017,8.6,0.84,62.15,0.9,0.07
Honduras,2018,8.62,0.83,62.58,0.87,0.1
Honduras,2019,8.63,0.8,63,0.85,0.06
Honduras,2021,8.63,0.81,63.85,0.84,0.11
Honduras,2022,8.64,0.73,64.28,0.85,0.08
Hong Kong S.A.R. of China,2006,10.75,0.81,0,0.91,0.15
Hong Kong S.A.R. of China,2008,10.82,0.84,0,0.92,0.29
Hong Kong S.A.R. of China,2009,10.79,0.83,0,0.92,0.3
Hong Kong S.A.R. of China,2010,10.85,0.86,0,0.89,0.33
Hong Kong S.A.R. of China,2011,10.89,0.85,0,0.89,0.23
Hong Kong S.A.R. of China,2012,10.89,0.83,0,0.88,0.22
Hong Kong S.A.R. of China,2014,10.94,0.83,0,0.84,0.22
Hong Kong S.A.R. of China,2016,10.97,0.83,0,0.8,0.1
Hong Kong S.A.R. of China,2017,11,0.83,0,0.83,0.14
Hong Kong S.A.R. of China,2019,11,0.86,0,0.73,0.06
Hong Kong S.A.R. of China,2020,10.93,0.81,0,0.71,-0.07
Hong Kong S.A.R. of China,2021,11,0.82,0,0.67,0.02
Hungary,2005,10.1,0.93,65,0.7,0
Hungary,2007,10.15,0.93,65.32,0.54,-0.16
Hungary,2009,10.09,0.9,65.64,0.46,-0.13
Hungary,2010,10.11,0.9,65.8,0.51,-0.15
Hungary,2011,10.13,0.89,65.96,0.63,-0.09
Hungary,2012,10.12,0.91,66.12,0.57,-0.14
Hungary,2013,10.14,0.88,66.28,0.67,-0.12
Hungary,2014,10.18,0.84,66.44,0.49,-0.15
Hungary,2015,10.22,0.86,66.6,0.56,-0.2
Hungary,2016,10.25,0.9,66.75,0.55,-0.19
Hungary,2017,10.29,0.88,66.9,0.66,-0.14
Hungary,2018,10.35,0.94,67.05,0.69,-0.25
Hungary,2019,10.39,0.95,67.2,0.8,-0.2
Hungary,2020,10.35,0.94,67.35,0.77,-0.13
Hungary,2021,10.42,0.95,67.5,0.73,-0.04
Hungary,2022,10.48,0.94,67.65,0.78,-0.01
Iceland,2008,10.88,0.98,71.2,0.89,0.27
Iceland,2012,10.79,0.98,71.6,0.9,0.24
Iceland,2013,10.82,0.97,71.7,0.92,0.3
Iceland,2015,10.86,0.98,71.9,0.94,0.3
Iceland,2016,10.91,0.98,71.93,0.95,0.28
Iceland,2017,10.93,0.97,71.95,0.94,0.24
Iceland,2019,10.95,0.98,72,0.96,0
Iceland,2020,10.86,0.98,72.03,0.95,0.15
Iceland,2021,10.89,0.98,72.05,0.92,0.26
Iceland,2022,10.94,0.98,72.07,0.94,0.22
India,2006,8.14,0.71,55.86,0.77,0
India,2007,8.2,0.57,56.22,0.73,-0.05
India,2008,8.22,0.68,56.58,0.76,-0.07
India,2009,8.28,0.65,56.94,0.68,-0.03
India,2010,8.35,0.6,57.3,0.78,0.06
India,2011,8.38,0.55,57.66,0.84,-0.04
India,2012,8.42,0.51,58.02,0.61,0.07
India,2013,8.47,0.55,58.38,0.74,0.08
India,2014,8.53,0.62,58.74,0.81,-0.03
India,2015,8.6,0.61,59.1,0.78,-0.01
India,2016,8.66,0.61,59.4,0.82,0.04
India,2017,8.72,0.61,59.7,0.89,-0.04
India,2018,8.77,0.64,60,0.89,0.08
India,2019,8.8,0.56,60.3,0.88,0.11
India,2020,8.72,0.62,60.6,0.91,0.07
India,2021,8.79,0.57,60.9,0.87,0.06
India,2022,8.85,0.61,61.2,0.89,0.09
Indonesia,2006,8.84,0.77,60.32,0.71,0.35
Indonesia,2007,8.89,0.7,60.54,0.6,0.31
Indonesia,2008,8.93,0.68,60.76,0.6,0.16
Indonesia,2009,8.97,0.78,60.98,0.78,0.19
Indonesia,2010,9.01,0.82,61.2,0.7,0.45
Indonesia,2011,9.06,0.82,61.42,0.88,0.44
Indonesia,2012,9.11,0.83,61.64,0.77,0.35
Indonesia,2013,9.15,0.79,61.86,0.78,0.37
Indonesia,2014,9.19,0.9,62.08,0.72,0.41
Indonesia,2015,9.22,0.81,62.3,0.78,0.47
Indonesia,2016,9.26,0.79,62.42,0.83,0.5
Indonesia,2017,9.3,0.8,62.55,0.87,0.48
Indonesia,2018,9.34,0.81,62.67,0.88,0.51
Indonesia,2019,9.38,0.8,62.8,0.87,0.55
Indonesia,2020,9.35,0.75,62.92,0.85,0.53
Indonesia,2021,9.38,0.82,63.05,0.88,0.54
Indonesia,2022,9.43,0.83,63.17,0.9,0.52
Iran,2005,9.5,0.77,64.3,0.65,0
Iran,2007,9.59,0.72,64.58,0.53,0.05
Iran,2008,9.58,0.63,64.72,0.6,0.04
Iran,2011,9.64,0.58,65.14,0.8,0.19
Iran,2012,9.58,0.6,65.28,0.76,0
Iran,2013,9.55,0.66,65.42,0.73,0.2
Iran,2014,9.58,0.64,65.56,0.77,0.23
Iran,2015,9.55,0.57,65.7,0.78,0.17
Iran,2016,9.61,0.57,65.85,0.77,0.18
Iran,2017,9.63,0.71,66,0.73,0.21
Iran,2018,9.59,0.67,66.15,0.6,0.08
Iran,2019,9.55,0.7,66.3,0.62,0.13
Iran,2020,9.58,0.76,66.45,0.6,0.13
Iran,2021,9.62,0.77,66.6,0.61,0.17
Iran,2022,9.64,0.8,66.75,0.57,0.21
Iraq,2008,8.98,0.74,60.94,0.39,-0.06
Iraq,2009,8.98,0.86,60.92,0.43,-0.2
Iraq,2010,9.01,0.85,60.9,0.42,-0.12
Iraq,2011,9.05,0.75,60.88,0.35,-0.06
Iraq,2012,9.13,0.73,60.86,0.31,-0.02
Iraq,2013,9.16,0.73,60.84,0,-0.04
Iraq,2014,9.13,0.73,60.82,0.65,0
Iraq,2015,9.15,0.68,60.8,0.6,0.02
Iraq,2016,9.25,0.72,61.28,0.67,-0.05
Iraq,2017,9.21,0.7,61.75,0.63,0
Iraq,2018,9.21,0.76,62.22,0.6,-0.07
Iraq,2020,9.1,0.71,63.17,0.7,-0.02
Iraq,2021,9.1,0.73,63.65,0.59,0.01
Ireland,2006,10.98,0.97,69.62,0.94,0.24
Ireland,2008,10.94,0.98,69.86,0.89,0.32
Ireland,2009,10.88,0.96,69.98,0.83,0.31
Ireland,2010,10.89,0.97,70.1,0.86,0.34
Ireland,2011,10.89,0.98,70.22,0.95,0.38
Ireland,2012,10.89,0.96,70.34,0.9,0.3
Ireland,2013,10.89,0.96,70.46,0.88,0.33
Ireland,2014,10.97,0.97,70.58,0.92,0.26
Ireland,2015,11.18,0.95,70.7,0.89,0.23
Ireland,2016,11.19,0.96,70.8,0.87,0.17
Ireland,2017,11.26,0.94,70.9,0.91,0.21
Ireland,2018,11.33,0.94,71,0.86,0.14
Ireland,2019,11.37,0.94,71.1,0.89,0.07
Ireland,2020,11.42,0.96,71.2,0.88,0
Ireland,2021,11.54,0.85,71.3,0.85,0.13
Ireland,2022,11.62,0.91,71.4,0.9,0.14
Israel,2006,10.36,0.93,71.08,0.82,0
Israel,2007,10.4,0.87,71.16,0.68,0.22
Israel,2008,10.41,0.86,71.24,0.66,0.14
Israel,2009,10.4,0.94,71.32,0.59,0.17
Israel,2010,10.44,0.88,71.4,0.56,0.15
Israel,2011,10.47,0.89,71.48,0.72,0.14
Israel,2012,10.48,0.9,71.56,0.68,0.15
Israel,2013,10.5,0.91,71.64,0.74,0.15
Israel,2014,10.52,0.89,71.72,0.71,0.09
Israel,2015,10.53,0.86,71.8,0.75,0.1
Israel,2016,10.55,0.89,71.95,0.77,0.15
Israel,2017,10.57,0.92,72.1,0.77,0.14
Israel,2018,10.6,0.91,72.25,0.72,0.05
Israel,2019,10.62,0.95,72.4,0.83,0.08
Israel,2020,10.58,0.96,72.55,0.83,-0.06
Israel,2021,10.65,0.92,72.7,0.82,-0.01
Israel,2022,10.69,0.95,72.85,0.77,0
Italy,2005,10.7,0.93,70.6,0.8,0
Italy,2007,10.72,0.91,70.8,0.68,0.11
Italy,2008,10.71,0.88,70.9,0.54,0.05
Italy,2009,10.65,0.88,71,0.7,0.24
Italy,2010,10.66,0.87,71.1,0.74,-0.06
Italy,2011,10.67,0.91,71.2,0.57,-0.02
Italy,2012,10.63,0.87,71.3,0.57,0.11
Italy,2013,10.6,0.92,71.4,0.5,-0.11
Italy,2014,10.59,0.9,71.5,0.62,-0.07
Italy,2015,10.6,0.91,71.6,0.57,-0.07
Italy,2016,10.62,0.93,71.68,0.62,-0.08
Italy,2017,10.64,0.92,71.75,0.63,-0.04
Italy,2018,10.65,0.91,71.82,0.65,-0.03
Italy,2019,10.66,0.84,71.9,0.71,-0.09
Italy,2020,10.57,0.89,71.97,0.72,-0.15
Italy,2021,10.64,0.89,72.05,0.7,-0.09
Italy,2022,10.69,0.87,72.13,0.71,0.03
Ivory Coast,2009,8.16,0.67,48.9,0.76,-0.15
Ivory Coast,2013,8.27,0.71,51.3,0.74,-0.03
Ivory Coast,2014,8.33,0.71,51.9,0.78,-0.08
Ivory Coast,2015,8.38,0.7,52.5,0.8,-0.05
Ivory Coast,2016,8.42,0.62,53.08,0.77,-0.04
Ivory Coast,2017,8.47,0.66,53.65,0.73,-0.11
Ivory Coast,2018,8.51,0.62,54.22,0.71,-0.05
Ivory Coast,2019,8.54,0.68,54.8,0.74,-0.02
Ivory Coast,2020,8.54,0.61,55.38,0.77,0.02
Ivory Coast,2021,8.58,0.55,55.95,0.72,0
Ivory Coast,2022,8.61,0.54,56.53,0.71,-0.01
Jamaica,2006,9.25,0.91,66.6,0.74,-0.01
Jamaica,2011,9.19,0.85,66.6,0.8,-0.07
Jamaica,2013,9.18,0.86,66.6,0.79,-0.03
Jamaica,2014,9.18,0.87,66.6,0.81,-0.01
Jamaica,2017,9.21,0.91,66.6,0.86,-0.14
Jamaica,2019,9.23,0.88,66.6,0.89,-0.14
Jamaica,2020,9.13,0.87,66.6,0.86,-0.15
Jamaica,2021,9.17,0.86,66.6,0.73,-0.08
Jamaica,2022,9.2,0.87,66.6,0.87,-0.09
Japan,2005,10.55,0.93,72.4,0.87,0
Japan,2007,10.58,0.94,72.64,0.8,-0.1
Japan,2008,10.57,0.89,72.76,0.77,-0.14
Japan,2009,10.51,0.89,72.88,0.73,-0.22
Japan,2010,10.55,0.9,73,0.77,-0.15
Japan,2011,10.55,0.92,73.12,0.81,-0.06
Japan,2012,10.56,0.91,73.24,0.75,0
Japan,2013,10.59,0.92,73.36,0.82,-0.15
Japan,2014,10.59,0.9,73.48,0.84,-0.14
Japan,2015,10.61,0.92,73.6,0.83,-0.16
Japan,2016,10.61,0.9,73.72,0.84,-0.07
Japan,2017,10.63,0.88,73.85,0.85,-0.21
Japan,2018,10.64,0.89,73.97,0.77,-0.27
Japan,2019,10.64,0.88,74.1,0.81,-0.26
Japan,2020,10.6,0.89,74.22,0.81,-0.26
Japan,2021,10.62,0.9,74.35,0.8,-0.21
Japan,2022,10.64,0.9,74.47,0.79,-0.24
Jordan,2005,9.28,0.92,65.8,0,0
Jordan,2007,9.31,0.84,66.16,0.65,-0.11
Jordan,2008,9.35,0.77,66.34,0,-0.13
Jordan,2009,9.38,0.9,66.52,0.77,-0.08
Jordan,2010,9.38,0.92,66.7,0.79,-0.05
Jordan,2011,9.38,0.88,66.88,0.76,-0.15
Jordan,2012,9.39,0.83,67.06,0.69,-0.17
Jordan,2013,9.35,0.84,67.24,0.69,-0.13
Jordan,2014,9.27,0.82,67.42,0.73,-0.11
Jordan,2015,9.2,0.83,67.6,0.77,-0.05
Jordan,2016,9.17,0.82,67.6,0.77,-0.04
Jordan,2017,9.17,0.81,67.6,0.77,-0.15
Jordan,2018,9.17,0.8,67.6,0.76,-0.19
Jordan,2019,9.16,0.79,67.6,0.73,-0.17
Jordan,2020,9.13,0.71,67.6,0.78,-0.15
Jordan,2021,9.13,0.7,67.6,0.77,-0.15
Jordan,2022,9.13,0.77,67.6,0.76,-0.15
Kazakhstan,2006,9.8,0.87,58,0.73,-0.28
Kazakhstan,2007,9.88,0.86,58.6,0.81,-0.25
Kazakhstan,2008,9.89,0.84,59.2,0.73,-0.22
Kazakhstan,2009,9.88,0.89,59.8,0.86,-0.25
Kazakhstan,2010,9.94,0.9,60.4,0.78,-0.22
Kazakhstan,2011,10,0.9,61,0.88,-0.24
Kazakhstan,2012,10.03,0.89,61.6,0.84,-0.17
Kazakhstan,2013,10.07,0.89,62.2,0.78,-0.23
Kazakhstan,2014,10.1,0.8,62.8,0.8,0
Kazakhstan,2015,10.1,0.93,63.4,0.74,-0.04
Kazakhstan,2016,10.09,0.93,63.8,0.78,-0.04
Kazakhstan,2017,10.12,0.91,64.2,0.75,-0.04
Kazakhstan,2018,10.15,0.94,64.6,0.84,-0.1
Kazakhstan,2019,10.18,0.95,65,0.85,-0.06
Kazakhstan,2020,10.14,0.97,65.4,0.87,-0.06
Kazakhstan,2021,10.17,0.91,65.8,0.81,0.04
Kazakhstan,2022,10.19,0.92,66.2,0.88,0.02
Kenya,2006,8.16,0.91,51.42,0.62,-0.03
Kenya,2007,8.2,0.84,51.94,0.75,0.04
Kenya,2008,8.17,0.83,52.46,0.62,-0.02
Kenya,2009,8.18,0.79,52.98,0.58,0.09
Kenya,2010,8.23,0.81,53.5,0.64,0.01
Kenya,2011,8.25,0.85,54.02,0.71,0.01
Kenya,2012,8.27,0.83,54.54,0.63,0.06
Kenya,2013,8.28,0.82,55.06,0.71,0.2
Kenya,2014,8.31,0.77,55.58,0.82,0.16
Kenya,2015,8.33,0.78,56.1,0.79,0.21
Kenya,2016,8.35,0.71,56.5,0.75,0.29
Kenya,2017,8.37,0.71,56.9,0.85,0.23
Kenya,2018,8.4,0.71,57.3,0.82,0.28
Kenya,2019,8.43,0.68,57.7,0.82,0.3
Kenya,2020,8.41,0.67,58.1,0.7,0.25
Kenya,2021,8.46,0.7,58.5,0.68,0.32
Kenya,2022,8.5,0.69,58.9,0.71,0.29
Kosovo,2007,0,0.85,0,0.38,0
Kosovo,2008,8.86,0.88,0,0,0.1
Kosovo,2009,8.9,0.83,0,0.51,0.21
Kosovo,2010,8.94,0.71,0,0.45,0.17
Kosovo,2011,8.99,0.76,0,0.59,0.01
Kosovo,2012,9,0.76,0,0.64,0.03
Kosovo,2013,9.05,0.72,0,0.57,0.12
Kosovo,2014,9.08,0.71,0,0.44,0.01
Kosovo,2015,9.15,0.81,0,0.56,0.18
Kosovo,2016,9.21,0.82,0,0.83,0.12
Kosovo,2017,9.25,0.79,0,0.86,0.11
Kosovo,2018,9.28,0.82,0,0.89,0.27
Kosovo,2019,9.33,0.84,0,0.84,0.24
Kosovo,2020,9.28,0.79,0,0.88,0.3
Kosovo,2021,9.38,0.85,0,0.84,0.26
Kosovo,2022,9.42,0.89,0,0.86,0.21
Kuwait,2006,11.23,0.92,68.4,0.77,-0.24
Kuwait,2009,11.07,0.93,69,0.82,0
Kuwait,2010,11,0.89,69.2,0.7,-0.04
Kuwait,2011,11.02,0.88,69.4,0.77,0
Kuwait,2012,11.01,0.89,69.6,0.93,0
Kuwait,2013,10.95,0.86,69.8,0.75,0
Kuwait,2014,10.93,0,70,0,0
Kuwait,2015,10.89,0.82,70.2,0.82,0.08
Kuwait,2016,10.89,0.85,70.18,0.84,-0.08
Kuwait,2017,10.82,0.85,70.15,0.88,-0.01
Kuwait,2019,10.76,0.84,70.1,0.87,-0.1
Kyrgyzstan,2006,8.19,0.84,59.92,0.68,-0.14
Kyrgyzstan,2007,8.26,0.83,60.34,0.68,-0.09
Kyrgyzstan,2008,8.33,0.79,60.76,0.72,-0.1
Kyrgyzstan,2009,8.35,0.85,61.18,0.7,-0.14
Kyrgyzstan,2010,8.33,0.89,61.6,0.72,-0.07
Kyrgyzstan,2011,8.37,0.89,62.02,0.75,-0.16
Kyrgyzstan,2012,8.36,0.86,62.44,0.7,-0.08
Kyrgyzstan,2013,8.44,0.85,62.86,0.76,-0.09
Kyrgyzstan,2014,8.46,0.9,63.28,0.74,0.35
Kyrgyzstan,2015,8.48,0.86,63.7,0.81,0.2
Kyrgyzstan,2016,8.5,0.91,64.22,0.81,0.05
Kyrgyzstan,2017,8.53,0.88,64.75,0.86,0.14
Kyrgyzstan,2018,8.54,0.9,65.28,0.94,0.26
Kyrgyzstan,2019,8.57,0.88,65.8,0.92,0
Kyrgyzstan,2020,8.46,0.9,66.32,0.93,0.1
Kyrgyzstan,2021,8.48,0.9,66.85,0.92,0.2
Kyrgyzstan,2022,8.52,0.93,67.38,0.95,0.24
Laos,2006,8.23,0.81,55.88,0.93,0.44
Laos,2007,8.29,0.79,56.26,0.87,0.48
Laos,2008,8.35,0.81,56.64,0.89,0.42
Laos,2011,8.54,0.69,57.78,0.88,0.46
Laos,2012,8.6,0.69,58.16,0,0.23
Laos,2017,8.88,0.71,59.9,0.89,0.07
Laos,2018,8.93,0.7,60.2,0.91,0.14
Laos,2019,8.97,0.73,60.5,0.91,0.06
Laos,2020,8.96,0.66,60.8,0.92,0.14
Laos,2021,8.97,0.65,61.1,0.93,0.04
Latvia,2006,10.04,0.88,63.1,0.64,-0.23
Latvia,2007,10.15,0.84,63.4,0.7,-0.17
Latvia,2008,10.12,0.86,63.7,0.63,-0.21
Latvia,2009,9.99,0.81,64,0.44,-0.18
Latvia,2011,10,0.84,64.6,0.56,0
Latvia,2012,10.08,0.85,64.9,0.56,-0.04
Latvia,2013,10.12,0.83,65.2,0.63,-0.08
Latvia,2014,10.14,0.88,65.5,0.67,-0.05
Latvia,2015,10.19,0.88,65.8,0.66,-0.08
Latvia,2016,10.22,0.92,65.9,0.69,-0.16
Latvia,2017,10.26,0.9,66,0.7,-0.16
Latvia,2018,10.31,0.91,66.1,0.61,-0.22
Latvia,2019,10.34,0.94,66.2,0.7,-0.2
Latvia,2020,10.33,0.93,66.3,0.82,-0.08
Latvia,2021,10.38,0.95,66.4,0.82,-0.1
Latvia,2022,10.41,0.93,66.5,0.82,0.02
Lebanon,2005,9.57,0.8,65.1,0.7,0
Lebanon,2006,9.57,0.85,65.16,0.67,0.07
Lebanon,2008,9.71,0.72,65.28,0.52,0.03
Lebanon,2009,9.8,0.74,65.34,0.66,0.07
Lebanon,2010,9.86,0.72,65.4,0.68,0.07
Lebanon,2011,9.86,0.73,65.46,0.66,0
Lebanon,2012,9.86,0.71,65.52,0.62,-0.01
Lebanon,2013,9.81,0.71,65.58,0.65,-0.01
Lebanon,2014,9.73,0.76,65.64,0.66,-0.02
Lebanon,2015,9.72,0.74,65.7,0.6,0.07
Lebanon,2016,9.76,0.83,65.78,0.66,0.02
Lebanon,2017,9.79,0.78,65.85,0.6,-0.09
Lebanon,2018,9.8,0.83,65.93,0.61,-0.08
Lebanon,2019,9.75,0.87,66,0.45,-0.1
Lebanon,2020,9.53,0.55,66.07,0.55,-0.14
Lebanon,2021,9.47,0.51,66.15,0.42,-0.16
Lebanon,2022,9.43,0.53,66.22,0.45,-0.13
Lesotho,2011,7.79,0.82,41.52,0.62,-0.09
Lesotho,2016,7.9,0.8,42.25,0.73,-0.1
Lesotho,2017,7.85,0.77,42.9,0.76,-0.14
Lesotho,2019,7.84,0.79,44.2,0.72,-0.13
Liberia,2007,7.18,0.59,51.86,0.79,0.12
Liberia,2008,7.21,0.62,51.94,0.72,-0.03
Liberia,2010,7.26,0.83,52.1,0.82,-0.04
Liberia,2014,7.39,0.71,52.42,0.59,-0.03
Liberia,2015,7.37,0.64,52.5,0.67,-0.06
Liberia,2016,7.33,0.64,53.1,0.76,0.03
Liberia,2017,7.34,0.68,53.7,0.73,-0.01
Liberia,2018,7.33,0.73,54.3,0.77,0.05
Liberia,2019,7.28,0.71,54.9,0.71,0.05
Liberia,2022,7.28,0.6,56.7,0.73,0.15
Libya,2012,10.38,0.85,65.14,0.71,-0.07
Libya,2015,9.86,0.87,64.3,0.77,-0.09
Libya,2016,9.83,0.88,64.53,0.82,-0.13
Libya,2017,10.09,0.82,64.75,0.78,-0.07
Libya,2018,10.16,0.82,64.97,0.78,-0.14
Libya,2019,10.02,0.83,65.2,0.76,-0.1
Lithuania,2006,10.04,0.93,63.5,0.57,-0.3
Lithuania,2007,10.16,0.94,63.7,0.59,-0.29
Lithuania,2008,10.2,0.91,63.9,0.62,-0.26
Lithuania,2009,10.05,0.93,64.1,0.5,-0.31
Lithuania,2010,10.08,0.88,64.3,0.52,-0.28
Lithuania,2011,10.16,0.91,64.5,0.57,-0.15
Lithuania,2012,10.22,0.92,64.7,0.5,-0.28
Lithuania,2013,10.26,0.91,64.9,0.56,-0.24
Lithuania,2014,10.3,0.91,65.1,0.51,-0.27
Lithuania,2015,10.33,0.93,65.3,0.64,-0.26
Lithuania,2016,10.37,0.94,65.65,0.61,-0.27
Lithuania,2017,10.43,0.93,66,0.75,-0.18
Lithuania,2018,10.48,0.93,66.35,0.7,-0.24
Lithuania,2019,10.52,0.92,66.7,0.78,-0.26
Lithuania,2020,10.52,0.95,67.05,0.82,-0.13
Lithuania,2021,10.58,0.93,67.4,0.71,-0.12
Lithuania,2022,10.6,0.94,67.75,0.71,-0.19
Luxembourg,2009,11.63,0.94,70.3,0.94,0.12
Luxembourg,2010,11.65,0.95,70.5,0.91,0.09
Luxembourg,2011,11.64,0.93,70.7,0.96,0.1
Luxembourg,2012,11.63,0.91,70.9,0.92,0.05
Luxembourg,2013,11.64,0.92,71.1,0.79,-0.06
Luxembourg,2014,11.64,0.88,71.3,0.94,0.1
Luxembourg,2015,11.64,0.93,71.5,0.93,0.05
Luxembourg,2016,11.66,0.94,71.53,0.88,0.01
Luxembourg,2017,11.65,0.91,71.55,0.9,0.04
Luxembourg,2018,11.65,0.9,71.57,0.88,-0.03
Luxembourg,2019,11.65,0.91,71.6,0.93,-0.05
Luxembourg,2022,11.66,0.88,71.68,0.92,0.02
Madagascar,2006,7.35,0.71,54.14,0,-0.04
Madagascar,2008,7.41,0.78,54.62,0.33,-0.1
Madagascar,2011,7.31,0.82,55.34,0.55,-0.06
Madagascar,2012,7.31,0.67,55.58,0.49,-0.05
Madagascar,2013,7.31,0.67,55.82,0.48,-0.02
Madagascar,2014,7.31,0.66,56.06,0.53,-0.02
Madagascar,2015,7.32,0.65,56.3,0.54,-0.04
Madagascar,2016,7.33,0.75,56.55,0.57,-0.07
Madagascar,2017,7.34,0.63,56.8,0.57,-0.03
Madagascar,2018,7.35,0.67,57.05,0.55,0
Madagascar,2019,7.37,0.7,57.3,0.55,-0.01
Madagascar,2022,7.29,0.64,58.05,0.52,0.08
Malawi,2006,7.02,0.55,45.36,0.77,0.17
Malawi,2007,7.08,0.6,46.42,0.91,0.18
Malawi,2009,7.18,0.72,48.54,0.88,0.15
Malawi,2011,7.23,0.61,50.66,0.73,0.07
Malawi,2012,7.22,0.6,51.72,0.64,0.14
Malawi,2013,7.25,0.56,52.78,0.75,0.05
Malawi,2014,7.27,0.51,53.84,0.79,0.04
Malawi,2015,7.27,0.49,54.9,0.8,0.03
Malawi,2016,7.27,0.52,55.45,0.81,0.04
Malawi,2017,7.28,0.56,56,0.85,0
Malawi,2018,7.3,0.53,56.55,0.8,0.05
Malawi,2019,7.32,0.55,57.1,0.76,-0.02
Malawi,2021,7.31,0.56,58.2,0.76,-0.01
Malawi,2022,7.3,0.5,58.75,0.74,0.02
Malaysia,2006,9.83,0.87,65.08,0.84,0.2
Malaysia,2007,9.87,0.87,65.16,0.84,0.09
Malaysia,2008,9.89,0.8,65.24,0.78,0.04
Malaysia,2009,9.86,0.79,65.32,0.87,-0.01
Malaysia,2010,9.91,0.84,65.4,0.77,0.03
Malaysia,2011,9.95,0.77,65.48,0.84,-0.02
Malaysia,2012,9.98,0.84,65.56,0.85,0.01
Malaysia,2013,10.01,0.83,65.64,0.79,0.26
Malaysia,2014,10.06,0.86,65.72,0.81,0.24
Malaysia,2015,10.09,0.82,65.8,0.67,0.22
Malaysia,2018,10.2,0.79,65.72,0.87,0.13
Malaysia,2019,10.23,0.84,65.7,0.92,0.12
Malaysia,2020,10.16,0.8,65.68,0.88,0.1
Malaysia,2021,10.18,0.79,65.65,0.88,0.22
Maldives,2018,9.89,0.91,69.78,0.85,0.02
Mali,2006,7.56,0.76,49.94,0.56,-0.07
Mali,2008,7.58,0.75,50.62,0.49,-0.01
Mali,2009,7.59,0.73,50.96,0.63,0.01
Mali,2010,7.61,0.75,51.3,0.75,-0.03
Mali,2011,7.61,0.8,51.64,0.82,-0.1
Mali,2012,7.57,0.82,51.98,0.7,-0.09
Mali,2013,7.57,0.82,52.32,0.66,-0.05
Mali,2014,7.6,0.84,52.66,0.65,-0.04
Mali,2015,7.63,0.83,53,0.63,-0.07
Mali,2016,7.66,0.84,53.4,0.7,-0.07
Mali,2017,7.68,0.74,53.8,0.75,-0.07
Mali,2018,7.69,0.69,54.2,0.74,-0.03
Mali,2019,7.7,0.75,54.6,0.67,-0.04
Mali,2020,7.66,0.57,55,0.65,-0.07
Mali,2021,7.66,0.57,55.4,0.67,0
Mali,2022,7.65,0.64,55.8,0.82,-0.02
Malta,2009,10.35,0.92,70.22,0.8,0.46
Malta,2010,10.4,0.91,70.4,0.8,0.28
Malta,2011,10.4,0.92,70.58,0.88,0.29
Malta,2012,10.43,0.92,70.76,0.86,0.35
Malta,2013,10.47,0.94,70.94,0.91,0.4
Malta,2014,10.53,0.94,71.12,0.9,0.4
Malta,2015,10.59,0.92,71.3,0.91,0.34
Malta,2016,10.6,0.93,71.35,0.92,0.34
Malta,2017,10.68,0.94,71.4,0.92,0.25
Malta,2018,10.71,0.93,71.45,0.93,0.17
Malta,2019,10.72,0.92,71.5,0.92,0.08
Malta,2020,10.61,0.94,71.55,0.93,0
Malta,2021,10.71,0.9,71.6,0.89,0.24
Malta,2022,0,0.93,71.65,0.84,0
Mauritania,2007,8.53,0.68,56.5,0.57,-0.07
Mauritania,2008,8.5,0.67,56.8,0.59,-0.02
Mauritania,2009,8.47,0.82,57.1,0.74,0.04
Mauritania,2010,8.47,0.86,57.4,0.67,0.05
Mauritania,2011,8.48,0.75,57.7,0.57,0.05
Mauritania,2012,8.49,0.76,58,0.49,-0.02
Mauritania,2013,8.51,0.74,58.3,0.6,-0.08
Mauritania,2014,8.52,0.85,58.6,0.47,-0.06
Mauritania,2015,8.55,0.87,58.9,0.45,0.05
Mauritania,2016,8.53,0.78,59.13,0.47,-0.18
Mauritania,2017,8.57,0.78,59.35,0.53,-0.16
Mauritania,2018,8.59,0.8,59.58,0.47,-0.12
Mauritania,2019,8.61,0.8,59.8,0.63,-0.11
Mauritania,2022,8.59,0.65,60.47,0.62,-0.01
Mauritius,2011,9.8,0.8,63.52,0.85,0.19
Mauritius,2014,9.9,0.78,63.88,0.82,0.17
Mauritius,2016,9.97,0.84,63.97,0.82,0.13
Mauritius,2017,10.01,0.91,63.95,0.91,0.08
Mauritius,2018,10.04,0.91,63.92,0.87,-0.08
Mauritius,2019,10.07,0.91,63.9,0.89,-0.06
Mauritius,2020,9.91,0.89,63.88,0.84,-0.04
Mauritius,2021,9.95,0.89,63.85,0.8,-0.01
Mauritius,2022,10.01,0.89,63.83,0.8,-0.04
Mexico,2005,9.79,0.9,64.4,0.81,0
Mexico,2007,9.83,0.88,64.68,0.67,-0.1
Mexico,2008,9.83,0.88,64.82,0.68,-0.13
Mexico,2009,9.76,0.87,64.96,0.68,-0.08
Mexico,2010,9.8,0.88,65.1,0.78,-0.05
Mexico,2011,9.82,0.82,65.24,0.83,-0.1
Mexico,2012,9.84,0.77,65.38,0.79,-0.1
Mexico,2013,9.84,0.76,65.52,0.74,-0.17
Mexico,2014,9.86,0.78,65.66,0.78,-0.1
Mexico,2015,9.88,0.76,65.8,0.72,-0.16
Mexico,2016,9.89,0.89,65.8,0.75,-0.16
Mexico,2017,9.91,0.8,65.8,0.86,-0.21
Mexico,2018,9.92,0.86,65.8,0.82,-0.18
Mexico,2019,9.91,0.85,65.8,0.9,-0.15
Mexico,2020,9.82,0.78,65.8,0.87,-0.13
Mexico,2021,9.86,0.78,65.8,0.84,-0.03
Mexico,2022,9.88,0.86,65.8,0.86,-0.12
Moldova,2006,8.94,0.81,59.48,0.55,-0.17
Moldova,2007,8.97,0.8,59.86,0.7,-0.19
Moldova,2008,9.04,0.87,60.24,0.64,-0.06
Moldova,2009,8.98,0.86,60.62,0.55,-0.1
Moldova,2010,9.05,0.85,61,0.6,-0.09
Moldova,2011,9.11,0.87,61.38,0.63,-0.08
Moldova,2012,9.1,0.83,61.76,0.6,-0.05
Moldova,2013,9.19,0.8,62.14,0.66,-0.07
Moldova,2014,9.24,0.8,62.52,0.62,-0.12
Moldova,2015,9.25,0.84,62.9,0.6,-0.09
Moldova,2016,9.3,0.84,63.3,0.56,-0.05
Moldova,2017,9.36,0.83,63.7,0.55,-0.06
Moldova,2018,9.42,0.89,64.1,0.82,-0.09
Moldova,2019,9.48,0.81,64.5,0.78,-0.1
Moldova,2020,9.41,0.87,64.9,0.86,-0.06
Moldova,2021,9.55,0.88,65.3,0.83,-0.1
Moldova,2022,9.54,0.82,65.7,0.83,-0.09
Mongolia,2007,8.83,0.88,56.54,0.78,0.06
Mongolia,2008,8.9,0.92,56.96,0.48,0.07
Mongolia,2010,8.93,0.9,57.8,0.63,0.1
Mongolia,2011,9.07,0.95,58.22,0.7,0.15
Mongolia,2012,9.17,0.92,58.64,0.69,0.1
Mongolia,2013,9.26,0.93,59.06,0.75,0.13
Mongolia,2014,9.32,0.94,59.48,0.75,0.14
Mongolia,2015,9.32,0.91,59.9,0.69,0.17
Mongolia,2016,9.31,0.95,60,0.76,0.09
Mongolia,2017,9.34,0.92,60.1,0.67,0.11
Mongolia,2018,9.4,0.94,60.2,0.7,0.05
Mongolia,2019,9.43,0.95,60.3,0.71,0.14
Mongolia,2020,9.36,0.92,60.4,0.72,0.14
Mongolia,2021,9.36,0.93,60.5,0.67,0.22
Mongolia,2022,9.39,0.95,60.6,0.72,0.21
Montenegro,2007,9.7,0.83,65.96,0.51,-0.14
Montenegro,2009,9.7,0.82,66.12,0.56,-0.1
Montenegro,2010,9.73,0.8,66.2,0.55,-0.21
Montenegro,2011,9.76,0.82,66.28,0.55,-0.23
Montenegro,2012,9.73,0.7,66.36,0.46,-0.2
Montenegro,2013,9.76,0.74,66.44,0.5,-0.18
Montenegro,2014,9.78,0.86,66.52,0.5,0.09
Montenegro,2015,9.81,0.74,66.6,0.58,-0.15
Montenegro,2016,9.84,0.87,66.7,0.57,-0.09
Montenegro,2017,9.89,0.88,66.8,0.63,-0.09
Montenegro,2018,9.94,0.86,66.9,0.63,-0.05
Montenegro,2019,9.98,0.83,67,0.69,-0.11
Montenegro,2020,9.81,0.89,67.1,0.8,0.06
Morocco,2010,8.67,0,62.5,0.66,-0.16
Morocco,2011,8.71,0.83,62.66,0.58,-0.22
Morocco,2012,8.73,0.68,62.82,0.76,-0.18
Morocco,2013,8.76,0.6,62.98,0.57,-0.21
Morocco,2015,8.95,0.61,63.3,0.71,-0.24
Morocco,2016,8.94,0.66,63.4,0.82,-0.25
Morocco,2017,8.98,0.64,63.5,0.81,-0.22
Morocco,2018,9,0.55,63.6,0.77,-0.24
Morocco,2019,9.01,0.53,63.7,0.76,-0.25
Morocco,2020,8.93,0.55,63.8,0.82,-0.24
Morocco,2021,8.99,0.5,63.9,0.76,-0.2
Morocco,2022,9,0.56,64,0.79,-0.25
Mozambique,2006,6.79,0.88,44.82,0.68,0.04
Mozambique,2007,6.84,0.75,45.24,0.64,0.07
Mozambique,2008,6.88,0.76,45.66,0.51,0
Mozambique,2011,7,0.82,46.92,0.64,-0.03
Mozambique,2015,7.15,0.67,48.6,0.81,0.09
Mozambique,2017,7.16,0.68,49.5,0.82,-0.03
Mozambique,2018,7.16,0.74,49.95,0.9,0.05
Mozambique,2019,7.16,0.74,50.4,0.87,0.07
Mozambique,2021,7.11,0.66,51.3,0.84,0.05
Mozambique,2022,7.12,0.71,51.75,0.88,0.05
Myanmar,2012,8.07,0.61,58.16,0.69,0.65
Myanmar,2013,8.13,0.76,58.64,0.78,0.69
Myanmar,2014,8.2,0.77,59.12,0.87,0.7
Myanmar,2015,8.23,0.75,59.6,0.81,0.69
Myanmar,2016,8.32,0.79,59.92,0.88,0.68
Myanmar,2017,8.37,0.8,60.25,0.89,0.65
Myanmar,2018,8.42,0.77,60.58,0.91,0.5
Myanmar,2019,8.48,0.76,60.9,0.9,0.56
Myanmar,2020,8.51,0.8,61.22,0.82,0.47
Myanmar,2021,8.3,0.78,61.55,0.63,0.51
Namibia,2007,9.07,0.83,51.88,0.78,-0.1
Namibia,2014,9.26,0.76,54.26,0.85,-0.19
Namibia,2017,9.24,0.83,55.35,0.81,-0.2
Namibia,2018,9.24,0.86,55.72,0.75,-0.17
Namibia,2019,9.21,0.84,56.1,0.74,-0.18
Namibia,2020,9.11,0.74,56.47,0.67,-0.11
Namibia,2021,9.12,0.81,56.85,0.66,-0.15
Namibia,2022,9.13,0.81,57.22,0.68,-0.12
Nepal,2006,7.73,0.87,59.66,0.69,0
Nepal,2007,7.76,0.79,59.72,0.41,0.31
Nepal,2008,7.81,0.82,59.78,0.62,0.28
Nepal,2009,7.85,0.81,59.84,0.62,0.03
Nepal,2010,7.89,0.78,59.9,0.52,0.08
Nepal,2011,7.92,0.74,59.96,0.52,-0.02
Nepal,2012,7.97,0.73,60.02,0.64,0.06
Nepal,2013,8,0.74,60.08,0.72,0.14
Nepal,2014,8.06,0.79,60.14,0.71,0.11
Nepal,2015,8.09,0.75,60.2,0.76,0.22
Nepal,2016,8.08,0.84,60.47,0.84,0.16
Nepal,2017,8.16,0.82,60.75,0.85,0.12
Nepal,2018,8.22,0.77,61.03,0.77,0.11
Nepal,2019,8.27,0.77,61.3,0.79,0.15
Nepal,2020,8.23,0.79,61.58,0.77,0.14
Nepal,2021,8.25,0.7,61.85,0.82,0.15
Nepal,2022,8.29,0.75,62.13,0.84,0.15
Netherlands,2005,10.81,0.95,70.7,0.9,0
Netherlands,2007,10.88,0.94,70.78,0.9,0.34
Netherlands,2008,10.89,0.94,70.82,0.88,0.36
Netherlands,2010,10.86,0.96,70.9,0.92,0.35
Netherlands,2011,10.87,0.94,70.94,0.93,0.33
Netherlands,2012,10.86,0.94,70.98,0.88,0.28
Netherlands,2013,10.85,0.92,71.02,0.92,0.3
Netherlands,2014,10.86,0.91,71.06,0.91,0.33
Netherlands,2015,10.88,0.88,71.1,0.9,0.26
Netherlands,2016,10.89,0.93,71.18,0.91,0.23
Netherlands,2017,10.92,0.94,71.25,0.92,0.25
Netherlands,2018,10.93,0.94,71.32,0.92,0.16
Netherlands,2019,10.95,0.94,71.4,0.89,0.21
Netherlands,2020,10.9,0.94,71.47,0.93,0.15
Netherlands,2021,10.94,0.92,71.55,0.86,0.27
Netherlands,2022,10.98,0.93,71.63,0.87,0.22
New Zealand,2006,10.54,0.95,69.72,0.93,0.31
New Zealand,2007,10.56,0.97,69.74,0.88,0.27
New Zealand,2008,10.54,0.94,69.76,0.89,0.29
New Zealand,2010,10.53,0.98,69.8,0.92,0.25
New Zealand,2011,10.55,0.95,69.82,0.93,0.28
New Zealand,2012,10.57,0.93,69.84,0.9,0.28
New Zealand,2013,10.58,0.96,69.86,0.94,0.23
New Zealand,2014,10.61,0.94,69.88,0.93,0.34
New Zealand,2015,10.62,0.99,69.9,0.94,0.32
New Zealand,2016,10.64,0.94,69.97,0.93,0.26
New Zealand,2017,10.65,0.95,70.05,0.94,0.29
New Zealand,2018,10.67,0.95,70.13,0.95,0.12
New Zealand,2019,10.67,0.94,70.2,0.91,0.15
New Zealand,2020,10.64,0.95,70.28,0.92,0.12
New Zealand,2021,10.67,0.95,70.35,0.91,0.22
New Zealand,2022,10.68,0.96,70.43,0.83,0.19
Nicaragua,2006,8.4,0.88,64.3,0.75,0.01
Nicaragua,2007,8.43,0.87,64.4,0.84,0.14
Nicaragua,2008,8.45,0.86,64.5,0.79,0.07
Nicaragua,2009,8.4,0.83,64.6,0.75,0.07
Nicaragua,2010,8.43,0.86,64.7,0.79,0.02
Nicaragua,2011,8.48,0.8,64.8,0.78,-0.02
Nicaragua,2012,8.53,0.89,64.9,0.85,0.02
Nicaragua,2013,8.56,0.87,65,0.86,0.04
Nicaragua,2014,8.59,0.84,65.1,0.82,0.1
Nicaragua,2015,8.62,0.83,65.2,0.81,0.08
Nicaragua,2016,8.65,0.85,65.28,0.72,0.04
Nicaragua,2017,8.69,0.84,65.35,0.92,0.01
Nicaragua,2018,8.64,0.85,65.43,0.8,0.01
Nicaragua,2019,8.58,0.87,65.5,0.88,0.03
Nicaragua,2020,8.55,0.86,65.57,0.82,0.04
Nicaragua,2021,8.64,0.85,65.65,0.9,0.02
Nicaragua,2022,8.66,0.84,65.72,0.91,0
Niger,2006,6.87,0.68,50.14,0.75,0.08
Niger,2007,6.87,0.73,50.58,0.58,-0.06
Niger,2008,6.9,0.61,51.02,0.65,-0.05
Niger,2009,6.89,0.77,51.46,0.88,-0.01
Niger,2010,6.93,0.65,51.9,0.82,-0.02
Niger,2011,6.92,0.82,52.34,0.78,-0.06
Niger,2012,6.98,0.7,52.78,0.73,-0.06
Niger,2013,6.99,0.7,53.22,0.83,-0.08
Niger,2014,7.02,0.75,53.66,0.69,-0.05
Niger,2015,7.03,0.71,54.1,0.73,-0.03
Niger,2016,7.04,0.68,54.45,0.7,-0.02
Niger,2017,7.05,0.58,54.8,0.68,-0.03
Niger,2018,7.08,0.61,55.15,0.79,0.01
Niger,2019,7.1,0.68,55.5,0.83,0.02
Niger,2022,7.09,0.59,56.55,0.79,0.03
Nigeria,2006,8.31,0.74,50.22,0.65,0.08
Nigeria,2007,8.35,0.72,50.54,0.64,0.14
Nigeria,2008,8.39,0.78,50.86,0.58,0.12
Nigeria,2009,8.44,0.72,51.18,0.54,0.07
Nigeria,2010,8.49,0.82,51.5,0.57,0.07
Nigeria,2012,8.53,0.82,52.14,0.65,0.07
Nigeria,2013,8.56,0.66,52.46,0.62,0.05
Nigeria,2015,8.6,0.81,53.1,0.68,-0.04
Nigeria,2016,8.56,0.8,53.42,0.8,0.04
Nigeria,2017,8.54,0.73,53.75,0.83,0.12
Nigeria,2018,8.53,0.74,54.08,0.79,-0.01
Nigeria,2019,8.53,0.73,54.4,0.75,0.02
Nigeria,2020,8.49,0.74,54.72,0.71,0.1
Nigeria,2021,8.5,0.74,55.05,0.73,0.05
North Macedonia,2007,9.43,0.81,64.66,0.44,0.08
North Macedonia,2009,9.48,0.73,64.82,0.55,-0.05
North Macedonia,2010,9.51,0.69,64.9,0.51,-0.06
North Macedonia,2011,9.53,0.78,64.98,0.61,-0.09
North Macedonia,2012,9.53,0.8,65.06,0.61,-0.09
North Macedonia,2013,9.55,0.83,65.14,0.64,0.02
North Macedonia,2014,9.59,0.79,65.22,0.64,0.03
North Macedonia,2015,9.63,0.77,65.3,0.66,-0.05
North Macedonia,2016,9.65,0.87,65.5,0.71,0.08
North Macedonia,2017,9.66,0.8,65.7,0.75,-0.06
North Macedonia,2018,9.69,0.85,65.9,0.74,-0.05
North Macedonia,2019,9.73,0.81,66.1,0.72,0.02
North Macedonia,2020,9.67,0.75,66.3,0.79,0.13
North Macedonia,2021,9.71,0.81,66.5,0.79,0.19
North Macedonia,2022,9.73,0.85,66.7,0.72,0.07
Norway,2006,11.05,0.96,69.4,0.96,0.1
Norway,2008,11.06,0.94,69.8,0.95,0.01
Norway,2012,11.03,0.95,70.6,0.95,0.14
Norway,2014,11.04,0.94,71,0.96,0.18
Norway,2015,11.05,0.95,71.2,0.95,0.25
Norway,2016,11.05,0.96,71.25,0.95,0.13
Norway,2017,11.07,0.95,71.3,0.95,0.23
Norway,2018,11.07,0.97,71.35,0.96,0.09
Norway,2019,11.07,0.94,71.4,0.95,0.11
Norway,2020,11.06,0.96,71.45,0.96,0.07
Norway,2021,11.09,0.95,71.5,0.94,0.17
Norway,2022,11.11,0.93,71.55,0.94,0.18
Oman,2011,10.54,0,62.34,0.92,0.01
Pakistan,2005,8.25,0.59,53.2,0.63,0
Pakistan,2007,8.31,0.48,53.72,0.4,0.08
Pakistan,2008,8.31,0.37,53.98,0.34,0.1
Pakistan,2009,8.32,0.52,54.24,0.39,0.07
Pakistan,2010,8.31,0.57,54.5,0.36,0.3
Pakistan,2011,8.31,0.51,54.76,0.38,0.02
Pakistan,2012,8.33,0.54,55.02,0.37,0.16
Pakistan,2013,8.36,0.61,55.28,0.45,0.09
Pakistan,2014,8.39,0.55,55.54,0.54,0.13
Pakistan,2015,8.42,0.56,55.8,0.59,0.08
Pakistan,2016,8.47,0.63,56.08,0.63,0.09
Pakistan,2017,8.5,0.69,56.35,0.71,0.04
Pakistan,2018,8.54,0.69,56.63,0.77,0.06
Pakistan,2019,8.55,0.62,56.9,0.68,0.11
Pakistan,2020,8.52,0.59,57.17,0.77,0.01
Pakistan,2021,8.56,0.61,57.45,0.76,0.01
Panama,2006,9.77,0.95,66.86,0.88,-0.05
Panama,2007,9.87,0.94,67.02,0.64,0.08
Panama,2008,9.94,0.92,67.18,0.71,0.06
Panama,2009,9.93,0.91,67.34,0.72,0.01
Panama,2010,9.97,0.93,67.5,0.75,-0.01
Panama,2011,10.06,0.88,67.66,0.83,0
Panama,2012,10.14,0.9,67.82,0.78,-0.01
Panama,2013,10.19,0.9,67.98,0.81,0.01
Panama,2014,10.22,0.87,68.14,0.89,0
Panama,2015,10.26,0.88,68.3,0.85,-0.01
Panama,2016,10.29,0.88,68.4,0.88,-0.11
Panama,2017,10.33,0.91,68.5,0.9,-0.17
Panama,2018,10.35,0.9,68.6,0.86,-0.13
Panama,2019,10.36,0.89,68.7,0.88,-0.2
Panama,2021,10.28,0.9,68.9,0.81,-0.15
Panama,2022,10.33,0.89,69,0.9,-0.12
Paraguay,2006,9.15,0.9,64.88,0.69,0.06
Paraguay,2007,9.2,0.86,64.96,0.7,0.12
Paraguay,2008,9.25,0.89,65.04,0.65,0.05
Paraguay,2009,9.24,0.9,65.12,0.72,0.02
Paraguay,2010,9.33,0.89,65.2,0.73,0.07
Paraguay,2011,9.36,0.87,65.28,0.67,0.18
Paraguay,2012,9.34,0.93,65.36,0.75,0.19
Paraguay,2013,9.41,0.94,65.44,0.91,0.04
Paraguay,2014,9.44,0.96,65.52,0.76,-0.01
Paraguay,2015,9.46,0.91,65.6,0.81,-0.02
Paraguay,2016,9.49,0.94,65.65,0.85,-0.08
Paraguay,2017,9.52,0.9,65.7,0.89,-0.01
Paraguay,2019,9.52,0.89,65.8,0.88,0.02
Paraguay,2020,9.5,0.91,65.85,0.87,0.06
Paraguay,2021,9.52,0.91,65.9,0.89,0.02
Paraguay,2022,9.51,0.9,65.95,0.92,-0.01
Peru,2006,8.98,0.87,66.46,0.67,-0.07
Peru,2007,9.05,0.76,66.72,0.64,-0.08
Peru,2008,9.13,0.78,66.98,0.64,-0.07
Peru,2009,9.14,0.8,67.24,0.64,-0.08
Peru,2010,9.21,0.81,67.5,0.76,-0.06
Peru,2011,9.26,0.76,67.76,0.77,-0.13
Peru,2012,9.31,0.76,68.02,0.7,-0.08
Peru,2013,9.36,0.8,68.28,0.7,-0.07
Peru,2014,9.37,0.82,68.54,0.72,-0.14
Peru,2015,9.39,0.8,68.8,0.8,-0.09
Peru,2016,9.42,0.8,68.97,0.83,-0.14
Peru,2017,9.43,0.83,69.15,0.83,-0.16
Peru,2018,9.45,0.85,69.32,0.83,-0.18
Peru,2019,9.45,0.81,69.5,0.81,-0.13
Peru,2020,9.32,0.75,69.68,0.81,-0.09
Peru,2021,9.43,0.82,69.85,0.81,-0.09
Peru,2022,9.45,0.82,70.03,0.76,-0.18
Philippines,2006,8.56,0.8,61.36,0.83,0.06
Philippines,2007,8.61,0.8,61.42,0.85,-0.02
Philippines,2008,8.63,0.8,61.48,0.86,0.08
Philippines,2009,8.63,0.78,61.54,0.87,0
Philippines,2010,8.68,0.8,61.6,0.89,0.03
Philippines,2011,8.7,0.79,61.66,0.88,0.07
Philippines,2012,8.75,0.81,61.72,0.91,0.05
Philippines,2013,8.8,0.85,61.78,0.91,0.02
Philippines,2014,8.84,0.81,61.84,0.9,-0.02
Philippines,2015,8.89,0.85,61.9,0.91,-0.05
Philippines,2016,8.94,0.82,61.92,0.91,-0.07
Philippines,2017,8.99,0.85,61.95,0.93,-0.14
Philippines,2018,9.03,0.85,61.97,0.92,-0.11
Philippines,2019,9.07,0.85,62,0.91,-0.08
Philippines,2020,8.96,0.78,62.03,0.93,-0.11
Philippines,2021,9,0.78,62.05,0.91,-0.01
Poland,2005,9.84,0.92,66.2,0.78,0
Poland,2007,9.97,0.91,66.56,0.77,-0.05
Poland,2009,10.04,0.92,66.92,0.82,0.07
Poland,2010,10.07,0.96,67.1,0.79,0
Poland,2011,10.12,0.9,67.28,0.87,-0.07
Poland,2012,10.14,0.94,67.46,0.81,-0.03
Poland,2013,10.15,0.91,67.64,0.78,-0.14
Poland,2014,10.18,0.92,67.82,0.88,-0.07
Poland,2015,10.23,0.89,68,0.79,-0.1
Poland,2016,10.26,0.92,68.18,0.87,-0.09
Poland,2017,10.31,0.88,68.35,0.83,-0.13
Poland,2018,10.37,0.86,68.53,0.87,-0.26
Poland,2019,10.41,0.88,68.7,0.88,-0.23
Poland,2020,10.39,0.95,68.88,0.77,-0.01
Poland,2021,10.46,0.94,69.05,0.73,0.12
Poland,2022,10.51,0.89,69.22,0.8,-0.21
Portugal,2006,10.36,0.91,68.34,0.88,-0.18
Portugal,2008,10.38,0.89,68.82,0.65,-0.22
Portugal,2010,10.37,0.86,69.3,0.72,-0.11
Portugal,2011,10.35,0.86,69.54,0.88,-0.18
Portugal,2012,10.31,0.87,69.78,0.77,-0.1
Portugal,2013,10.31,0.87,70.02,0.79,-0.12
Portugal,2014,10.32,0.86,70.26,0.85,-0.13
Portugal,2015,10.35,0.87,70.5,0.8,-0.17
Portugal,2016,10.37,0.9,70.63,0.84,-0.23
Portugal,2017,10.41,0.9,70.75,0.91,-0.18
Portugal,2018,10.44,0.89,70.88,0.88,-0.27
Portugal,2019,10.46,0.88,71,0.88,-0.24
Portugal,2020,10.37,0.87,71.13,0.91,-0.24
Portugal,2021,10.42,0.89,71.25,0.89,-0.21
Portugal,2022,10.49,0.86,71.38,0.9,-0.14
Qatar,2009,11.43,0.89,64.36,0.86,0.23
Qatar,2010,11.55,0,64.7,0,0.1
Qatar,2011,11.63,0.86,65.04,0.9,0
Qatar,2012,11.62,0.84,65.38,0.92,0.15
Qatar,2015,11.53,0,66.4,0,0
Romania,2005,9.73,0.84,64.5,0.8,0
Romania,2007,9.9,0.74,64.86,0.69,-0.19
Romania,2009,9.96,0.81,65.22,0.61,-0.2
Romania,2010,9.92,0.69,65.4,0.57,-0.09
Romania,2011,9.97,0.75,65.58,0.65,-0.15
Romania,2012,10,0.74,65.76,0.64,-0.12
Romania,2013,10,0.78,65.94,0.65,-0.13
Romania,2014,10.05,0.75,66.12,0.75,-0.1
Romania,2015,10.08,0.79,66.3,0.8,-0.14
Romania,2016,10.12,0.81,66.43,0.82,-0.12
Romania,2017,10.2,0.81,66.55,0.84,-0.16
Romania,2018,10.27,0.82,66.68,0.85,-0.22
Romania,2019,10.31,0.84,66.8,0.85,-0.23
Romania,2020,10.28,0.87,66.93,0.86,-0.16
Romania,2021,10.33,0.83,67.05,0.87,-0.18
Romania,2022,10.4,0.83,67.18,0.84,-0.17
Russia,2006,9.99,0.89,58.74,0.64,-0.31
Russia,2007,10.07,0.88,59.18,0.59,-0.29
Russia,2008,10.12,0.88,59.62,0.64,-0.31
Russia,2009,10.04,0.91,60.06,0.62,-0.29
Russia,2010,10.08,0.91,60.5,0.61,-0.3
Russia,2011,10.13,0.88,60.94,0.63,-0.28
Russia,2012,10.16,0.9,61.38,0.61,-0.3
Russia,2013,10.18,0.88,61.82,0.66,-0.29
Russia,2014,10.17,0.93,62.26,0.74,-0.27
Russia,2015,10.15,0.92,62.7,0.69,-0.17
Russia,2016,10.15,0.91,63.08,0.71,-0.18
Russia,2017,10.16,0.9,63.45,0.73,-0.15
Russia,2018,10.19,0.91,63.83,0.73,-0.15
Russia,2019,10.21,0.91,64.2,0.71,-0.12
Russia,2020,10.19,0.89,64.57,0.71,-0.08
Russia,2021,10.24,0.86,64.95,0.67,0.06
Russia,2022,10.2,0.92,65.32,0.78,-0.07
Rwanda,2006,7.09,0.72,53.5,0.92,0
Rwanda,2008,7.21,0.49,54.7,0.75,0.02
Rwanda,2009,7.25,0.56,55.3,0.77,0
Rwanda,2011,7.34,0.57,56.5,0.83,-0.04
Rwanda,2012,7.4,0.64,57.1,0.84,-0.01
Rwanda,2013,7.42,0.75,57.7,0.9,-0.03
Rwanda,2014,7.46,0.75,58.3,0.89,-0.02
Rwanda,2015,7.52,0.68,58.9,0.91,0.03
Rwanda,2016,7.55,0.67,59.22,0.91,0.03
Rwanda,2017,7.57,0.52,59.55,0.91,0.05
Rwanda,2018,7.63,0.62,59.88,0.92,0.06
Rwanda,2019,7.69,0.49,60.2,0.87,0.06
Saudi Arabia,2005,10.67,0.87,61.2,0,0
Saudi Arabia,2007,10.64,0.89,61.6,0.62,0
Saudi Arabia,2008,10.66,0.82,61.8,0.53,-0.02
Saudi Arabia,2009,10.61,0.92,62,0.64,-0.11
Saudi Arabia,2010,10.62,0.88,62.2,0.68,-0.03
Saudi Arabia,2011,10.69,0.83,62.4,0.6,-0.14
Saudi Arabia,2012,10.72,0.87,62.6,0.56,-0.12
Saudi Arabia,2013,10.73,0.83,62.8,0.66,-0.08
Saudi Arabia,2014,10.74,0.82,63,0.76,-0.07
Saudi Arabia,2015,10.77,0.82,63.2,0.82,-0.05
Saudi Arabia,2016,10.76,0.89,63.4,0.77,-0.13
Saudi Arabia,2017,10.73,0.84,63.6,0.81,-0.13
Saudi Arabia,2018,10.73,0.87,63.8,0.85,-0.19
Saudi Arabia,2019,10.71,0.91,64,0.89,-0.15
Saudi Arabia,2020,10.67,0.89,64.2,0.88,-0.11
Saudi Arabia,2021,10.7,0.86,64.4,0.9,-0.1
Saudi Arabia,2022,10.78,0.9,64.6,0,-0.03
Senegal,2006,7.93,0.76,55.5,0.74,-0.06
Senegal,2007,7.93,0.72,55.8,0.7,-0.01
Senegal,2008,7.94,0.76,56.1,0.61,-0.03
Senegal,2009,7.94,0.81,56.4,0.56,-0.04
Senegal,2010,7.95,0.76,56.7,0.78,-0.08
Senegal,2011,7.93,0.6,57,0.64,-0.16
Senegal,2012,7.95,0.71,57.3,0.67,-0.04
Senegal,2013,7.94,0.82,57.6,0.64,-0.05
Senegal,2014,7.98,0.86,57.9,0.69,-0.05
Senegal,2015,8.01,0.7,58.2,0.72,-0.11
Senegal,2016,8.05,0.84,58.5,0.74,-0.09
Senegal,2017,8.09,0.74,58.8,0.69,-0.05
Senegal,2018,8.12,0.74,59.1,0.63,-0.08
Senegal,2019,8.14,0.69,59.4,0.76,-0.02
Senegal,2020,8.13,0.62,59.7,0.8,-0.05
Senegal,2021,8.16,0.65,60,0.76,0.03
Senegal,2022,8.18,0.61,60.3,0.76,0.05
Serbia,2007,9.54,0.84,65.28,0.45,-0.17
Serbia,2009,9.57,0.77,65.56,0.37,-0.18
Serbia,2010,9.58,0.73,65.7,0.46,-0.17
Serbia,2011,9.61,0.77,65.84,0.44,-0.19
Serbia,2012,9.61,0.82,65.98,0.46,-0.13
Serbia,2013,9.64,0.83,66.12,0.53,-0.1
Serbia,2014,9.63,0.78,66.26,0.53,0.07
Serbia,2015,9.65,0.82,66.4,0.55,-0.07
Serbia,2016,9.69,0.89,66.53,0.61,-0.07
Serbia,2017,9.72,0.88,66.65,0.68,-0.08
Serbia,2018,9.77,0.85,66.78,0.74,-0.1
Serbia,2019,9.82,0.9,66.9,0.75,-0.04
Serbia,2020,9.81,0.85,67.03,0.84,0.14
Serbia,2021,9.9,0.89,67.15,0.85,0.26
Sierra Leone,2006,7.13,0.56,46.28,0.68,0.1
Sierra Leone,2007,7.19,0.69,46.66,0.72,0.25
Sierra Leone,2008,7.22,0.59,47.04,0.72,0.15
Sierra Leone,2010,7.25,0.81,47.8,0.73,0.01
Sierra Leone,2011,7.28,0.78,48.18,0.77,0
Sierra Leone,2013,7.56,0.71,48.94,0.72,-0.07
Sierra Leone,2014,7.58,0.87,49.32,0.68,0.03
Sierra Leone,2015,7.32,0.61,49.7,0.62,0.05
Sierra Leone,2016,7.36,0.66,50.5,0.68,0.11
Sierra Leone,2017,7.37,0.65,51.3,0.71,0.08
Sierra Leone,2018,7.38,0.65,52.1,0.72,0.1
Sierra Leone,2019,7.41,0.61,52.9,0.72,0.08
Sierra Leone,2021,7.39,0.61,54.5,0.66,0.11
Sierra Leone,2022,7.4,0.5,55.3,0.66,0.1
Singapore,2006,11.17,0.9,71.58,0.76,0.13
Singapore,2007,11.21,0.92,71.76,0.87,0.29
Singapore,2008,11.18,0.85,71.94,0.66,0.04
Singapore,2009,11.15,0.87,72.12,0.78,-0.08
Singapore,2010,11.27,0.86,72.3,0.85,-0.02
Singapore,2011,11.31,0.9,72.48,0.82,-0.15
Singapore,2013,11.36,0.81,72.84,0.83,0.11
Singapore,2014,11.38,0.82,73.02,0.83,0.15
Singapore,2015,11.4,0.87,73.2,0.89,0.15
Singapore,2016,11.42,0.93,73.3,0.9,0.14
Singapore,2017,11.46,0.9,73.4,0.93,0.13
Singapore,2018,11.5,0.9,73.5,0.92,-0.07
Singapore,2019,11.5,0.92,73.6,0.94,0.02
Singapore,2021,11.57,0.88,73.8,0.88,0.06
Slovakia,2006,9.99,0.95,65.62,0.54,-0.05
Slovakia,2010,10.15,0.92,66.5,0.64,-0.1
Slovakia,2011,10.17,0.92,66.72,0.73,0.01
Slovakia,2012,10.19,0.93,66.94,0.62,-0.03
Slovakia,2013,10.19,0.91,67.16,0.6,-0.05
Slovakia,2014,10.22,0.92,67.38,0.63,-0.13
Slovakia,2015,10.27,0.94,67.6,0.59,-0.13
Slovakia,2016,10.28,0.95,67.82,0.7,-0.06
Slovakia,2017,10.31,0.91,68.05,0.71,-0.06
Slovakia,2018,10.35,0.92,68.28,0.76,-0.17
Slovakia,2019,10.37,0.93,68.5,0.77,-0.13
Slovakia,2020,10.34,0.95,68.72,0.76,-0.08
Slovakia,2021,10.37,0.95,68.95,0.74,0.05
Slovenia,2006,10.4,0.94,68.56,0.94,0.04
Slovenia,2009,10.41,0.92,69.04,0.9,-0.02
Slovenia,2010,10.41,0.92,69.2,0.9,0.03
Slovenia,2011,10.42,0.93,69.36,0.91,-0.03
Slovenia,2012,10.39,0.92,69.52,0.9,-0.02
Slovenia,2013,10.38,0.93,69.68,0.89,0.03
Slovenia,2014,10.41,0.91,69.84,0.89,0.05
Slovenia,2015,10.43,0.9,70,0.9,0
Slovenia,2016,10.46,0.93,70.18,0.9,-0.06
Slovenia,2017,10.51,0.93,70.35,0.92,-0.03
Slovenia,2018,10.55,0.94,70.53,0.94,-0.12
Slovenia,2019,10.57,0.95,70.7,0.95,-0.11
Slovenia,2020,10.52,0.95,70.88,0.96,-0.09
Slovenia,2021,10.6,0.96,71.05,0.85,0.03
Slovenia,2022,10.64,0.94,71.22,0.93,0.1
Somalia,2014,6.83,0.61,47.66,0.87,0.02
Somalia,2015,6.94,0.6,48.1,0.97,0.02
Somalia,2016,6.98,0.59,48.5,0.92,0.07
Somaliland region,2009,0,0.88,0,0.75,0
Somaliland region,2010,0,0.83,0,0.82,0
Somaliland region,2011,0,0.79,0,0.86,0
Somaliland region,2012,0,0.79,0,0.76,0
South Africa,2006,9.46,0.91,46,0.65,-0.09
South Africa,2007,9.5,0.79,46.9,0.69,-0.17
South Africa,2008,9.52,0.81,47.8,0.75,-0.1
South Africa,2009,9.49,0.88,48.7,0.74,-0.16
South Africa,2010,9.51,0.92,49.6,0.74,-0.21
South Africa,2011,9.53,0.86,50.5,0.84,-0.16
South Africa,2012,9.54,0.91,51.4,0.59,-0.17
South Africa,2013,9.55,0.84,52.3,0.71,-0.09
South Africa,2014,9.55,0.88,53.2,0.79,-0.13
South Africa,2015,9.54,0.9,54.1,0.86,-0.14
South Africa,2016,9.54,0.88,54.63,0.77,-0.08
South Africa,2017,9.54,0.87,55.15,0.79,-0.14
South Africa,2018,9.55,0.84,55.67,0.75,-0.06
South Africa,2019,9.54,0.85,56.2,0.74,-0.14
South Africa,2020,9.46,0.89,56.72,0.76,-0.03
South Africa,2021,9.5,0.92,57.25,0.7,-0.15
South Korea,2006,10.31,0.78,70.02,0.72,-0.06
South Korea,2007,10.36,0.83,70.24,0.66,-0.06
South Korea,2008,10.38,0.75,70.46,0.52,-0.11
South Korea,2009,10.38,0.81,70.68,0.6,-0.1
South Korea,2010,10.45,0.82,70.9,0.68,-0.04
South Korea,2011,10.47,0.81,71.12,0.68,-0.05
South Korea,2012,10.49,0.78,71.34,0.62,0
South Korea,2013,10.52,0.8,71.56,0.64,-0.05
South Korea,2014,10.54,0.74,71.78,0.62,-0.05
South Korea,2015,10.57,0.77,72,0.62,-0.04
South Korea,2016,10.59,0.81,72.28,0.59,0.02
South Korea,2017,10.62,0.81,72.55,0.54,0.01
South Korea,2018,10.64,0.8,72.82,0.6,-0.09
South Korea,2019,10.66,0.78,73.1,0.71,-0.06
South Korea,2020,10.65,0.81,73.38,0.71,-0.11
South Korea,2021,10.7,0.81,73.65,0.72,-0.03
South Korea,2022,10.73,0.81,73.93,0.72,0
South Sudan,2014,0,0.55,52.88,0.57,0
South Sudan,2015,0,0.58,53,0.51,0
South Sudan,2016,0,0.53,53.17,0.44,0
South Sudan,2017,0,0.56,53.35,0.46,0
Spain,2005,10.54,0.96,70.4,0.92,0
Spain,2007,10.58,0.96,70.64,0.78,-0.1
Spain,2008,10.58,0.95,70.76,0.83,-0.15
Spain,2009,10.53,0.93,70.88,0.75,-0.13
Spain,2010,10.53,0.95,71,0.8,-0.14
Spain,2011,10.51,0.94,71.12,0.82,-0.13
Spain,2012,10.48,0.94,71.24,0.75,-0.06
Spain,2013,10.47,0.93,71.36,0.76,-0.11
Spain,2014,10.49,0.95,71.48,0.74,-0.03
Spain,2015,10.53,0.96,71.6,0.73,-0.08
Spain,2016,10.56,0.94,71.72,0.77,-0.05
Spain,2017,10.58,0.9,71.85,0.76,-0.04
Spain,2018,10.6,0.91,71.97,0.72,-0.08
Spain,2019,10.62,0.95,72.1,0.78,-0.05
Spain,2020,10.49,0.93,72.22,0.78,-0.12
Spain,2021,10.54,0.93,72.35,0.78,-0.07
Spain,2022,10.59,0.93,72.47,0.78,0
Sri Lanka,2006,8.95,0.86,62.28,0.72,0.06
Sri Lanka,2007,9,0.84,62.76,0.74,0.1
Sri Lanka,2008,9.05,0.82,63.24,0.83,0.16
Sri Lanka,2009,9.08,0.83,63.72,0.8,0.3
Sri Lanka,2010,9.15,0.81,64.2,0.74,0.25
Sri Lanka,2011,9.23,0.84,64.68,0.82,0.14
Sri Lanka,2012,9.31,0.82,65.16,0.8,0.16
Sri Lanka,2013,9.34,0.81,65.64,0.83,0.26
Sri Lanka,2014,9.4,0.8,66.12,0.87,0.29
Sri Lanka,2015,9.43,0.86,66.6,0.9,0.31
Sri Lanka,2017,9.52,0.82,66.8,0.83,0.09
Sri Lanka,2018,9.53,0.83,66.9,0.86,0.1
Sri Lanka,2019,9.52,0.81,67,0.82,0.04
Sri Lanka,2020,9.48,0.84,67.1,0.8,-0.05
Sri Lanka,2021,9.5,0.81,67.2,0.77,-0.01
State of Palestine,2006,8.2,0.82,61.78,0.55,0
State of Palestine,2007,8.18,0.71,61.9,0.37,-0.08
State of Palestine,2008,8.28,0.67,62.01,0.36,-0.07
State of Palestine,2009,8.34,0.74,62.13,0.47,-0.09
State of Palestine,2010,8.36,0.82,62.25,0.5,-0.12
State of Palestine,2011,8.45,0.75,0,0.52,-0.13
State of Palestine,2012,8.6,0.78,0,0.54,-0.16
State of Palestine,2013,8.59,0.76,0,0.45,-0.16
State of Palestine,2014,8.62,0.78,0,0.66,-0.16
State of Palestine,2015,8.68,0.77,0,0.56,-0.17
State of Palestine,2016,8.74,0.82,0,0.61,-0.15
State of Palestine,2017,8.73,0.82,0,0.63,-0.18
State of Palestine,2018,8.72,0.82,0,0.65,-0.16
State of Palestine,2019,8.72,0.83,0,0.65,-0.13
State of Palestine,2022,0,0.86,0,0.69,0
Sudan,2009,8.46,0.91,57.46,0.71,0.05
Sudan,2010,8.46,0.85,57.7,0.65,-0.07
Sudan,2011,8.53,0.82,57.94,0.58,-0.05
Sudan,2012,8.46,0.81,58.18,0.41,-0.07
Sudan,2014,8.47,0.81,58.66,0.39,-0.08
Suriname,2012,9.87,0.8,62.84,0.89,-0.09
Sweden,2005,10.72,0.95,71,0.96,0
Sweden,2007,10.79,0.92,71.08,0.91,0.14
Sweden,2008,10.78,0.92,71.12,0.91,0.12
Sweden,2009,10.73,0.9,71.16,0.86,0.22
Sweden,2010,10.77,0.97,71.2,0.9,0.14
Sweden,2011,10.8,0.92,71.24,0.94,0.16
Sweden,2012,10.79,0.93,71.28,0.94,0.13
Sweden,2013,10.79,0.92,71.32,0.94,0.16
Sweden,2014,10.8,0.93,71.36,0.95,0.2
Sweden,2015,10.84,0.93,71.4,0.94,0.21
Sweden,2016,10.85,0.91,71.53,0.92,0.14
Sweden,2017,10.86,0.91,71.65,0.93,0.17
Sweden,2018,10.87,0.93,71.78,0.94,0.07
Sweden,2019,10.88,0.93,71.9,0.94,0.09
Sweden,2020,10.85,0.94,72.03,0.95,0.09
Sweden,2021,10.89,0.93,72.15,0.95,0.17
Sweden,2022,10.91,0.95,72.28,0.94,0.23
Switzerland,2006,11.07,0.95,71.16,0.92,0.28
Switzerland,2009,11.08,0.94,71.34,0.89,0.12
Switzerland,2012,11.11,0.95,71.52,0.95,0.13
Switzerland,2014,11.12,0.96,71.64,0.95,0.05
Switzerland,2015,11.13,0.94,71.7,0.93,0.1
Switzerland,2016,11.14,0.93,71.9,0.93,0.08
Switzerland,2017,11.14,0.95,72.1,0.92,0.17
Switzerland,2018,11.16,0.93,72.3,0.93,0.09
Switzerland,2019,11.17,0.95,72.5,0.91,0.03
Switzerland,2020,11.14,0.95,72.7,0.92,-0.07
Switzerland,2021,11.17,0.93,72.9,0.91,0.02
Switzerland,2022,11.18,0.88,73.1,0.85,0.13
Syria,2008,8.66,0.71,68.62,0.66,0.12
Syria,2009,8.66,0.84,66.86,0.75,0.08
Syria,2010,8.73,0.93,65.1,0.65,0.01
Syria,2011,8.74,0.58,63.34,0.53,0.13
Syria,2012,8.58,0.59,61.58,0.47,0.31
Syria,2013,8.42,0.59,59.82,0.45,0.22
Syria,2015,8.49,0.46,56.3,0.45,0.04
Taiwan Province of China,2006,10.6,0.88,68.68,0.63,-0.03
Taiwan Province of China,2008,10.6,0.83,69.14,0.64,-0.02
Taiwan Province of China,2010,10.68,0.83,69.6,0.68,0
Taiwan Province of China,2011,10.69,0.86,0,0.76,0.03
Taiwan Province of China,2012,10.72,0.83,0,0.7,0.02
Taiwan Province of China,2013,10.72,0.82,0,0.69,0
Taiwan Province of China,2014,10.75,0.87,0,0.69,0.09
Taiwan Province of China,2015,10.78,0.89,0,0.7,0.02
Taiwan Province of China,2016,10.77,0.89,0,0.72,-0.05
Taiwan Province of China,2017,10.77,0.89,0,0.76,-0.07
Taiwan Province of China,2018,10.78,0.9,0,0.74,-0.18
Taiwan Province of China,2019,10.8,0.89,0,0.81,-0.13
Taiwan Province of China,2020,0,0.9,0,0.8,0
Taiwan Province of China,2021,0,0.87,0,0.82,0
Taiwan Province of China,2022,0,0.88,0,0.8,0
Tajikistan,2006,7.59,0.72,60.5,0.7,-0.09
Tajikistan,2007,7.65,0.73,60.6,0.82,0
Tajikistan,2008,7.7,0.7,60.7,0.82,0.01
Tajikistan,2009,7.72,0.68,60.8,0.74,0
Tajikistan,2010,7.77,0.76,60.9,0.78,0.06
Tajikistan,2011,7.82,0.75,61,0.78,-0.12
Tajikistan,2012,7.87,0.73,61.1,0.75,-0.08
Tajikistan,2013,7.92,0.7,61.2,0.69,0.06
Tajikistan,2014,7.96,0.81,61.3,0.85,0
Tajikistan,2015,7.99,0.84,61.4,0.85,0.02
Tajikistan,2016,8.04,0.86,61.55,0.7,0
Tajikistan,2017,8.08,0.66,61.7,0.83,0.12
Tajikistan,2018,8.13,0.88,61.85,0,-0.07
Tajikistan,2019,8.18,0.88,62,0,-0.05
Tajikistan,2020,8.2,0.79,62.15,0,-0.05
Tajikistan,2021,8.27,0.88,62.3,0,-0.07
Tanzania,2006,7.46,0.78,50.76,0.79,-0.03
Tanzania,2007,7.5,0.71,51.42,0.72,-0.01
Tanzania,2008,7.53,0.77,52.08,0.56,0.26
Tanzania,2009,7.55,0.84,52.74,0.61,0.31
Tanzania,2010,7.59,0.81,53.4,0.6,0.14
Tanzania,2011,7.63,0.88,54.06,0.74,-0.05
Tanzania,2012,7.65,0.83,54.72,0.58,0.21
Tanzania,2013,7.68,0.8,55.38,0.65,0.05
Tanzania,2014,7.72,0.79,56.04,0.65,0.11
Tanzania,2015,7.74,0.79,56.7,0.76,0.15
Tanzania,2016,7.78,0.64,57.15,0.78,0.18
Tanzania,2017,7.81,0.71,57.6,0.8,0.12
Tanzania,2018,7.83,0.68,58.05,0.81,0.15
Tanzania,2019,7.85,0.69,58.5,0.85,0.1
Tanzania,2020,7.84,0.74,58.95,0.83,0.3
Tanzania,2021,7.86,0.62,59.4,0.82,0.11
Tanzania,2022,7.87,0.6,59.85,0.86,0.14
Thailand,2006,9.45,0.89,66.38,0.86,0.33
Thailand,2007,9.5,0.89,66.56,0.87,0.39
Thailand,2008,9.51,0.83,66.74,0.87,0.42
Thailand,2009,9.49,0.89,66.92,0.87,0.52
Thailand,2010,9.56,0.9,67.1,0.86,0.53
Thailand,2011,9.56,0.88,67.28,0.93,0.4
Thailand,2012,9.62,0.91,67.46,0.85,0.38
Thailand,2013,9.64,0.93,67.64,0.78,0.45
Thailand,2014,9.65,0.93,67.82,0.9,0.55
Thailand,2015,9.68,0.87,68,0.88,0.31
Thailand,2016,9.7,0.91,68.07,0.92,0.35
Thailand,2017,9.74,0.88,68.15,0.92,0.21
Thailand,2018,9.78,0.87,68.22,0.9,0.26
Thailand,2019,9.8,0.9,68.3,0.9,0.31
Thailand,2020,9.73,0.87,68.38,0.84,0.27
Thailand,2021,9.75,0.88,68.45,0.84,0.29
Thailand,2022,9.78,0.87,68.53,0.88,0.3
Togo,2006,7.34,0.44,50.24,0.63,-0.03
Togo,2008,7.31,0.29,51.12,0.29,-0.07
Togo,2011,7.41,0.3,52.44,0.58,-0.09
Togo,2014,7.51,0.44,53.76,0.66,-0.1
Togo,2015,7.54,0.48,54.2,0.77,-0.09
Togo,2016,7.57,0.51,54.7,0.73,-0.03
Togo,2017,7.59,0.51,55.2,0.72,-0.06
Togo,2018,7.61,0.6,55.7,0.61,-0.03
Togo,2019,7.64,0.54,56.2,0.62,0.04
Togo,2021,7.66,0.6,57.2,0.62,0.04
Togo,2022,7.69,0.58,57.7,0.7,0.01
Trinidad and Tobago,2006,10.17,0.89,61.78,0.84,0.14
Trinidad and Tobago,2008,10.24,0.86,62.54,0.84,0.09
Trinidad and Tobago,2011,10.21,0.86,63.68,0.78,0.08
Trinidad and Tobago,2013,10.29,0.88,64.44,0.85,0.12
Trinidad and Tobago,2017,10.17,0.92,65.7,0.86,0.01
Tunisia,2009,9.24,0,66.22,0.78,-0.12
Tunisia,2010,9.26,0.86,66.3,0.62,-0.14
Tunisia,2011,9.22,0.71,66.38,0.6,-0.2
Tunisia,2012,9.25,0.61,66.46,0.57,-0.18
Tunisia,2013,9.27,0.65,66.54,0.54,-0.21
Tunisia,2014,9.28,0.68,66.62,0.59,-0.24
Tunisia,2015,9.28,0.61,66.7,0.71,-0.23
Tunisia,2016,9.28,0.7,66.75,0.61,-0.17
Tunisia,2017,9.29,0.72,66.8,0.48,-0.22
Tunisia,2018,9.31,0.73,66.85,0.65,-0.2
Tunisia,2019,9.31,0.61,66.9,0.66,-0.21
Tunisia,2020,9.22,0.72,66.95,0.67,-0.2
Tunisia,2021,9.25,0.71,67,0.59,-0.2
Tunisia,2022,9.27,0.75,67.05,0.47,-0.23
Turkiye,2005,9.8,0.82,66.1,0.62,0
Turkiye,2007,9.89,0.79,66.42,0.46,-0.18
Turkiye,2008,9.89,0.64,66.58,0.42,-0.19
Turkiye,2009,9.83,0.75,66.74,0.46,-0.23
Turkiye,2010,9.89,0.79,66.9,0.51,-0.19
Turkiye,2011,9.99,0.69,67.06,0.45,-0.24
Turkiye,2012,10.02,0.74,67.22,0.47,-0.22
Turkiye,2013,10.08,0.8,67.38,0.54,-0.23
Turkiye,2014,10.11,0.86,67.54,0.65,-0.03
Turkiye,2015,10.15,0.85,67.7,0.65,-0.02
Turkiye,2016,10.17,0.88,67.88,0.64,-0.07
Turkiye,2017,10.22,0.88,68.05,0.64,-0.24
Turkiye,2018,10.25,0.85,68.22,0.53,-0.18
Turkiye,2019,10.25,0.79,68.4,0.63,-0.14
Turkiye,2020,10.26,0.86,68.57,0.51,-0.12
Turkiye,2021,10.36,0.74,68.75,0.45,-0.04
Turkmenistan,2009,8.96,0.92,59.78,0,-0.1
Turkmenistan,2011,9.15,0.96,60.42,0,0.02
Turkmenistan,2012,9.23,0.95,60.74,0.79,-0.12
Turkmenistan,2013,9.31,0.85,61.06,0.7,-0.07
Turkmenistan,2014,9.39,0.91,61.38,0.8,0.03
Turkmenistan,2015,9.44,0.96,61.7,0.7,0.09
Turkmenistan,2016,9.48,0.93,61.8,0.75,0
Turkmenistan,2017,9.53,0.91,61.9,0.72,0.07
Turkmenistan,2018,9.57,0.98,62,0.86,0.26
Turkmenistan,2019,9.62,0.98,62.1,0.89,0.28
Uganda,2006,7.37,0.76,48.74,0.75,-0.04
Uganda,2007,7.42,0.84,49.58,0.71,0
Uganda,2008,7.48,0.81,50.42,0.58,-0.06
Uganda,2009,7.51,0.85,51.26,0.76,-0.04
Uganda,2010,7.54,0.83,52.1,0.8,-0.02
Uganda,2011,7.6,0.88,52.94,0.73,0.03
Uganda,2012,7.61,0.88,53.78,0.65,0.08
Uganda,2013,7.61,0.88,54.62,0.76,0.05
Uganda,2014,7.63,0.82,55.46,0.83,0.01
Uganda,2015,7.65,0.75,56.3,0.76,0.13
Uganda,2016,7.67,0.75,56.78,0.74,0.13
Uganda,2017,7.66,0.74,57.25,0.77,0.06
Uganda,2018,7.69,0.74,57.72,0.73,0.08
Uganda,2019,7.72,0.81,58.2,0.7,0.13
Uganda,2020,7.71,0.8,58.67,0.69,0.14
Uganda,2021,7.72,0.79,59.15,0.71,0.08
Ukraine,2006,9.41,0.85,60.92,0.62,-0.26
Ukraine,2007,9.5,0.82,61.24,0.49,-0.25
Ukraine,2008,9.53,0.86,61.56,0.49,-0.27
Ukraine,2009,9.37,0.85,61.88,0.46,-0.25
Ukraine,2010,9.41,0.88,62.2,0.48,-0.19
Ukraine,2011,9.47,0.86,62.52,0.58,-0.23
Ukraine,2012,9.47,0.9,62.84,0.56,-0.23
Ukraine,2013,9.47,0.9,63.16,0.57,-0.22
Ukraine,2014,9.42,0.88,63.48,0.53,0.08
Ukraine,2015,9.33,0.91,63.8,0.43,-0.04
Ukraine,2016,9.35,0.88,63.92,0.5,0.01
Ukraine,2017,9.38,0.86,64.05,0.6,-0.01
Ukraine,2018,9.42,0.9,64.18,0.66,-0.08
Ukraine,2019,9.46,0.88,64.3,0.72,-0.08
Ukraine,2020,9.43,0.88,64.43,0.78,0.12
Ukraine,2021,9.47,0.88,64.55,0.77,0.17
Ukraine,2022,9.05,0.86,64.68,0.83,0.43
United Arab Emirates,2006,11.43,0.9,64.86,0.9,-0.04
United Arab Emirates,2009,10.95,0.89,65.04,0.85,0.02
United Arab Emirates,2010,10.91,0.91,65.1,0.88,0.05
United Arab Emirates,2011,10.97,0.88,65.16,0.89,0.06
United Arab Emirates,2012,11,0.86,65.22,0.92,0
United Arab Emirates,2013,11.04,0.86,65.28,0.94,0
United Arab Emirates,2014,11.07,0,65.34,0,0
United Arab Emirates,2015,11.13,0.82,65.4,0.92,0.19
United Arab Emirates,2016,11.17,0.85,65.55,0.95,0.12
United Arab Emirates,2017,11.17,0.84,65.7,0.96,0.21
United Arab Emirates,2018,11.18,0.85,65.85,0.94,0.04
United Arab Emirates,2019,11.18,0.86,66,0.91,0.12
United Arab Emirates,2020,11.12,0.83,66.15,0.94,0.05
United Arab Emirates,2021,11.15,0.83,66.3,0.95,0.15
United Arab Emirates,2022,11.2,0.8,66.45,0.93,0.17
United Kingdom,2005,10.67,0.98,69.1,0.92,0
United Kingdom,2007,10.7,0.97,69.22,0.84,0.33
United Kingdom,2008,10.69,0.95,69.28,0.76,0.33
United Kingdom,2009,10.64,0.96,69.34,0.82,0.34
United Kingdom,2010,10.65,0.96,69.4,0.84,0.4
United Kingdom,2011,10.65,0.95,69.46,0.9,0.33
United Kingdom,2012,10.66,0.93,69.52,0.89,0.37
United Kingdom,2013,10.67,0.94,69.58,0.91,0.34
United Kingdom,2014,10.7,0.91,69.64,0.86,0.35
United Kingdom,2015,10.71,0.94,69.7,0.83,0.3
United Kingdom,2016,10.73,0.95,69.8,0.82,0.25
United Kingdom,2017,10.74,0.94,69.9,0.81,0.29
United Kingdom,2018,10.76,0.93,70,0.84,0.22
United Kingdom,2019,10.77,0.94,70.1,0.85,0.27
United Kingdom,2020,10.65,0.93,70.2,0.88,0.2
United Kingdom,2021,10.71,0.85,70.3,0.82,0.25
United Kingdom,2022,10.75,0.86,70.4,0.86,0.31
United States,2006,10.92,0.96,66.78,0.91,0
United States,2007,10.93,0,66.76,0.87,0.19
United States,2008,10.92,0.95,66.74,0.88,0.25
United States,2009,10.89,0.91,66.72,0.83,0.2
United States,2010,10.91,0.93,66.7,0.83,0.24
United States,2011,10.91,0.92,66.68,0.86,0.16
United States,2012,10.93,0.9,66.66,0.82,0.21
United States,2013,10.94,0.93,66.64,0.79,0.27
United States,2014,10.96,0.9,66.62,0.87,0.22
United States,2015,10.98,0.9,66.6,0.85,0.22
United States,2016,10.98,0.9,66.47,0.76,0.14
United States,2017,11,0.92,66.35,0.87,0.19
United States,2018,11.02,0.9,66.22,0.82,0.11
United States,2019,11.04,0.92,66.1,0.84,0.14
United States,2020,11,0.94,65.97,0.85,0.03
United States,2021,11.06,0.92,65.85,0.82,0.19
United States,2022,11.08,0.9,65.72,0.74,0.19
Uruguay,2006,9.63,0.91,66.78,0.81,-0.12
Uruguay,2007,9.69,0.87,66.86,0.79,-0.17
Uruguay,2008,9.76,0.88,66.94,0.81,-0.15
Uruguay,2009,9.8,0.92,67.02,0.83,-0.13
Uruguay,2010,9.87,0.89,67.1,0.83,-0.17
Uruguay,2011,9.92,0.89,67.18,0.85,-0.09
Uruguay,2012,9.95,0.86,67.26,0.87,0.06
Uruguay,2013,9.99,0.92,67.34,0.89,-0.05
Uruguay,2014,10.02,0.9,67.42,0.9,-0.08
Uruguay,2015,10.02,0.89,67.5,0.92,-0.04
Uruguay,2016,10.03,0.9,67.5,0.89,-0.08
Uruguay,2017,10.05,0.91,67.5,0.9,-0.1
Uruguay,2018,10.05,0.92,67.5,0.88,-0.11
Uruguay,2019,10.05,0.93,67.5,0.9,-0.1
Uruguay,2020,9.99,0.92,67.5,0.91,-0.09
Uruguay,2021,10.03,0.91,67.5,0.9,-0.05
Uruguay,2022,10.08,0.9,67.5,0.88,-0.05
Uzbekistan,2006,8.26,0.9,61.34,0.78,-0.12
Uzbekistan,2008,8.4,0.89,61.82,0.83,-0.03
Uzbekistan,2009,8.46,0.9,62.06,0,0.01
Uzbekistan,2010,8.51,0.9,62.3,0,-0.04
Uzbekistan,2011,8.55,0.92,62.54,0.93,0.04
Uzbekistan,2012,8.61,0.93,62.78,0.91,-0.04
Uzbekistan,2013,8.66,0.96,63.02,0.95,-0.04
Uzbekistan,2014,8.71,0.95,63.26,0.95,0.06
Uzbekistan,2015,8.76,0.97,63.5,0.98,0.37
Uzbekistan,2016,8.8,0.95,63.8,0.98,0.2
Uzbekistan,2017,8.83,0.94,64.1,0.99,0.12
Uzbekistan,2018,8.87,0.92,64.4,0.97,0.31
Uzbekistan,2019,8.9,0.92,64.7,0.97,0.3
Uzbekistan,2020,8.9,0.85,65,0.93,0.19
Uzbekistan,2021,8.95,0.9,65.3,0.93,0.19
Uzbekistan,2022,8.99,0.88,65.6,0.96,0.31
Venezuela,2005,9.32,0.96,65.5,0.84,0
Venezuela,2006,9.47,0.95,65.46,0.8,-0.03
Venezuela,2008,9.72,0.92,65.38,0.68,-0.23
Venezuela,2009,9.57,0.94,65.34,0.68,-0.12
Venezuela,2010,9.75,0.93,65.3,0.77,-0.16
Venezuela,2011,9.86,0.93,65.26,0.77,-0.23
Venezuela,2012,9.86,0.93,65.22,0.8,-0.2
Venezuela,2013,9.8,0.9,65.18,0.64,-0.23
Venezuela,2014,9.37,0.9,65.14,0.57,-0.19
Venezuela,2015,8.53,0.91,65.1,0.51,-0.09
Venezuela,2016,7.6,0.9,64.93,0.46,-0.06
Venezuela,2017,5.94,0.9,64.75,0.64,0.05
Venezuela,2018,5.94,0.89,64.57,0.61,0.07
Venezuela,2019,5.53,0.89,64.4,0.63,0.13
Venezuela,2020,0,0.81,64.22,0.61,0
Venezuela,2021,0,0.81,64.05,0.6,0
Venezuela,2022,0,0.9,63.88,0.77,0
Vietnam,2006,8.55,0.89,64.18,0.89,0
Vietnam,2007,8.61,0.86,64.26,0.92,0.07
Vietnam,2008,8.66,0.8,64.34,0.89,0.18
Vietnam,2009,8.7,0.82,64.42,0.83,-0.08
Vietnam,2010,8.75,0.79,64.5,0.83,-0.02
Vietnam,2011,8.8,0.9,64.58,0.82,0.09
Vietnam,2012,8.85,0.78,64.66,0.86,-0.13
Vietnam,2013,8.89,0.76,64.74,0.92,-0.05
Vietnam,2014,8.94,0.79,64.82,0,-0.02
Vietnam,2015,9,0.85,64.9,0,0.07
Vietnam,2016,9.05,0.88,65,0.89,-0.11
Vietnam,2017,9.11,0,65.1,0,0
Vietnam,2018,9.17,0.83,65.2,0.91,-0.06
Vietnam,2019,9.24,0.85,65.3,0.95,-0.15
Vietnam,2020,9.25,0.76,65.4,0.94,0.07
Vietnam,2021,9.27,0.8,65.5,0.9,0.11
Vietnam,2022,9.33,0.88,65.6,0.98,-0.18
Yemen,2007,8.21,0.82,58.72,0.67,0.01
Yemen,2009,8.25,0.76,58.64,0.64,-0.05
Yemen,2010,8.41,0.73,58.6,0.66,-0.1
Yemen,2011,8.26,0.66,58.56,0.64,-0.17
Yemen,2012,8.18,0.68,58.52,0.71,-0.17
Yemen,2013,8.17,0.69,58.48,0.54,-0.18
Yemen,2014,8.16,0.64,58.44,0.66,-0.16
Yemen,2015,7.77,0.67,58.4,0.61,-0.14
Yemen,2016,7.55,0.78,58.17,0.53,-0.14
Yemen,2017,7.24,0.79,57.95,0.6,-0.12
Yemen,2018,7.44,0.79,57.72,0.55,-0.12
Yemen,2019,7.45,0.87,57.5,0.65,-0.1
Zambia,2006,7.83,0.8,46.76,0.72,-0.01
Zambia,2007,7.88,0.69,47.42,0.68,-0.07
Zambia,2008,7.92,0.62,48.08,0.72,0.05
Zambia,2009,7.97,0.78,48.74,0.7,-0.1
Zambia,2011,8.05,0.86,50.06,0.66,0
Zambia,2012,8.09,0.78,50.72,0.79,0.01
Zambia,2013,8.11,0.76,51.38,0.77,-0.1
Zambia,2014,8.12,0.71,52.04,0.81,-0.01
Zambia,2015,8.12,0.69,52.7,0.76,-0.04
Zambia,2016,8.13,0.77,53.13,0.81,0.12
Zambia,2017,8.13,0.74,53.55,0.82,0.14
Zambia,2018,8.14,0.72,53.97,0.79,0.05
Zambia,2019,8.12,0.64,54.4,0.81,0.08
Zambia,2020,8.07,0.77,54.83,0.75,0.06
Zambia,2021,8.08,0.62,55.25,0.83,0.14
Zimbabwe,2006,7.46,0.82,40.4,0.43,-0.06
Zimbabwe,2007,7.41,0.83,41.6,0.46,-0.07
Zimbabwe,2008,7.21,0.84,42.8,0.34,-0.07
Zimbabwe,2009,7.31,0.81,44,0.41,-0.06
Zimbabwe,2010,7.5,0.86,45.2,0.66,-0.08
Zimbabwe,2011,7.62,0.86,46.4,0.63,-0.07
Zimbabwe,2012,7.75,0.9,47.6,0.47,-0.09
Zimbabwe,2013,7.76,0.8,48.8,0.58,-0.09
Zimbabwe,2014,7.75,0.77,50,0.64,-0.06
Zimbabwe,2015,7.75,0.74,51.2,0.67,-0.11
Zimbabwe,2016,7.73,0.77,51.67,0.73,-0.08
Zimbabwe,2017,7.75,0.75,52.15,0.75,-0.08
Zimbabwe,2018,7.78,0.78,52.63,0.76,-0.05
Zimbabwe,2019,7.7,0.76,53.1,0.63,-0.05
Zimbabwe,2020,7.6,0.72,53.58,0.64,0.01
Zimbabwe,2021,7.66,0.69,54.05,0.67,-0.08
Zimbabwe,2022,7.67,0.67,54.53,0.65,-0.07
